Feature ID	Original Feature ID
08e8ed3a513a88b5599f505242a281eb	08e8ed3a513a88b5599f505242a281eb
244bee25b63f157f89f1e97e608f5c47	244bee25b63f157f89f1e97e608f5c47
f6c0d5e255fc23b608315df8e9efe557	f6c0d5e255fc23b608315df8e9efe557
64b421b8072426aaddfb8b937fa0ed27	64b421b8072426aaddfb8b937fa0ed27
b24cd5a63c535ff4e55a2506d3cd62bb	b24cd5a63c535ff4e55a2506d3cd62bb
be014e630e00e5c6e3f0ca87daa86d1b	be014e630e00e5c6e3f0ca87daa86d1b
3c53f93a8518ea184d549ebf34217b9d	3c53f93a8518ea184d549ebf34217b9d
96f9d59d4d210fbeb71ba39924965ac1	96f9d59d4d210fbeb71ba39924965ac1
f3ca08f9bbac735a9686685ad95f238e	f3ca08f9bbac735a9686685ad95f238e
2156fb6df9754022915f729e6be6dacb	2156fb6df9754022915f729e6be6dacb
2e3e409911947f6b58055dac76eafff2	2e3e409911947f6b58055dac76eafff2
a0d03ba5342c2c82ac244c0c5ef28b92	a0d03ba5342c2c82ac244c0c5ef28b92
90d9eedcc5abdca89fdde5dc9d39c5bd	90d9eedcc5abdca89fdde5dc9d39c5bd
219bf05081c570e0bd614b8eca79a45a	219bf05081c570e0bd614b8eca79a45a
a77d626c3feb181838ff510becf62a4c	a77d626c3feb181838ff510becf62a4c
afac6a141515195406ddeab12a6a92da	afac6a141515195406ddeab12a6a92da
32df06b2a0b62ad95ab8c30ddbbf86e7	32df06b2a0b62ad95ab8c30ddbbf86e7
e52d36cd246f70457aa8dfff5a2f0a88	e52d36cd246f70457aa8dfff5a2f0a88
40210f620a58fb29345647d4b7eb1be0	40210f620a58fb29345647d4b7eb1be0
c249039d37b9fd9ff22c461306dfa4a3	c249039d37b9fd9ff22c461306dfa4a3
9c764add3dc12dd31637739ff3f99964	9c764add3dc12dd31637739ff3f99964
ae4856cae278ed9fd40765dc33cf9ae0	ae4856cae278ed9fd40765dc33cf9ae0
adbc1db7e5c7e9be79234c1d8c56edb1	adbc1db7e5c7e9be79234c1d8c56edb1
a2260febd78fe3d006fe1f4dc2a18b1b	a2260febd78fe3d006fe1f4dc2a18b1b
239021f8cdf2dd17c1ab8d3fc0e45160	239021f8cdf2dd17c1ab8d3fc0e45160
34c20dd72356856804a5f631f10b709a	34c20dd72356856804a5f631f10b709a
bf3967a4fe8cb342e391cc320dc9378b	bf3967a4fe8cb342e391cc320dc9378b
73c50833ed5bc0ed6f4463e5881940e1	73c50833ed5bc0ed6f4463e5881940e1
98e84c68971e61970ee393dfa55cb569	98e84c68971e61970ee393dfa55cb569
196a7fa4e2ec386be9c8d33942c75407	196a7fa4e2ec386be9c8d33942c75407
0ddd7b91e7368df6c751335a155f4cb2	0ddd7b91e7368df6c751335a155f4cb2
a0fc151f0503c95f847450b01cead1c8	a0fc151f0503c95f847450b01cead1c8
1409ee0cccd1e376e228b0790bcf5e86	1409ee0cccd1e376e228b0790bcf5e86
ed70988c5d12600eef5de222e2981dd0	ed70988c5d12600eef5de222e2981dd0
a60911278e2f5c1334785d4df68163dd	a60911278e2f5c1334785d4df68163dd
e0090cc5f6a0aa8d1772e5e657a68429	e0090cc5f6a0aa8d1772e5e657a68429
569418df588c6249c6525811063aacf5	569418df588c6249c6525811063aacf5
70cbe716165bc16f405d6beb138a16f7	70cbe716165bc16f405d6beb138a16f7
baf03a847e580e6a97272b8d94c57f75	baf03a847e580e6a97272b8d94c57f75
d106b15407a144b1ee12e4a81c497538	d106b15407a144b1ee12e4a81c497538
a6e48a96c4ec4ff8fe43f5f17b90846d	a6e48a96c4ec4ff8fe43f5f17b90846d
7478372f56e261252c121f5d91159d55	7478372f56e261252c121f5d91159d55
65860a17ff714920365878436925035f	65860a17ff714920365878436925035f
ae52af9a887f0f1cd7a67843c1231e1d	ae52af9a887f0f1cd7a67843c1231e1d
c6bf31fa78869d7716f8ed9ad70f2a26	c6bf31fa78869d7716f8ed9ad70f2a26
9f729713741abe0c0624e5911529c89c	9f729713741abe0c0624e5911529c89c
a73bd96b119d77e58fb72de3c4b3c249	a73bd96b119d77e58fb72de3c4b3c249
ea9c73889170f4bf8cd3ba8543d449e0	ea9c73889170f4bf8cd3ba8543d449e0
1f13441c2be694f5bf0e928056d61b07	1f13441c2be694f5bf0e928056d61b07
1a1354fe107fd3ebd7c70b06baed901a	1a1354fe107fd3ebd7c70b06baed901a
d58fd7670e6a3059323409645a25b83c	d58fd7670e6a3059323409645a25b83c
0abd16a3d6977bfd80d1b38ba2fd1769	0abd16a3d6977bfd80d1b38ba2fd1769
814455a93d42ede890e7d67164408dff	814455a93d42ede890e7d67164408dff
3cda494722f229309f4d049ebfe17996	3cda494722f229309f4d049ebfe17996
010551545488b3e8683b21cc278d0f16	010551545488b3e8683b21cc278d0f16
7d8ece1a68ae822473ace5afd9845fd8	7d8ece1a68ae822473ace5afd9845fd8
8c648c8253b836967ffa8b7da1d25cd9	8c648c8253b836967ffa8b7da1d25cd9
fe53abad3dd8da862bfeb871ade7a083	fe53abad3dd8da862bfeb871ade7a083
9179899eea548ef0e95991b0159ee6d6	9179899eea548ef0e95991b0159ee6d6
5b378f3411e200bbcdb194496a69a4fd	5b378f3411e200bbcdb194496a69a4fd
f329fcbe86dd1ecb7e433b0e589561c5	f329fcbe86dd1ecb7e433b0e589561c5
f3209ec09158a6212f1aaa2827a3bc84	f3209ec09158a6212f1aaa2827a3bc84
b803764a3bf4c19193100cbe10778b1b	b803764a3bf4c19193100cbe10778b1b
92240a8c577476ff4a3a87e978413545	92240a8c577476ff4a3a87e978413545
0df708151d5fa2509903b8c008beefe7	0df708151d5fa2509903b8c008beefe7
12ceb942f9c1a66cb94a28b62b79261d	12ceb942f9c1a66cb94a28b62b79261d
4c155eccb7798fac0d7d6e19a3f746b4	4c155eccb7798fac0d7d6e19a3f746b4
05b6c7139e469986ed4f615b0702540f	05b6c7139e469986ed4f615b0702540f
905c46e1d8c3b97dc1781ae8b620d7da	905c46e1d8c3b97dc1781ae8b620d7da
2f4a2b08eec8d8d5f66dc0d20552881f	2f4a2b08eec8d8d5f66dc0d20552881f
a468db7d36ad57745799332372f5b057	a468db7d36ad57745799332372f5b057
ef4750a3de155450563cd25aecbcf276	ef4750a3de155450563cd25aecbcf276
81e40af97682650fc2dec20a930fa5af	81e40af97682650fc2dec20a930fa5af
f1bbd8d2a8bfc423e74e967428ecd638	f1bbd8d2a8bfc423e74e967428ecd638
9fe1b0a8238141b2ce40ed1a7426de0c	9fe1b0a8238141b2ce40ed1a7426de0c
8ae505e99f4f795432fa879f5557a955	8ae505e99f4f795432fa879f5557a955
cc3c5aed2bae31f85cfdfd9174340ef9	cc3c5aed2bae31f85cfdfd9174340ef9
34272e5acf8bda74002ed691482dd980	34272e5acf8bda74002ed691482dd980
7022e969007ef3c8699f673b136e033d	7022e969007ef3c8699f673b136e033d
1f6ca7b99aaae4f623b85a5937c1d908	1f6ca7b99aaae4f623b85a5937c1d908
b012e4baaccdb5eb2565ded9abbe76bc	b012e4baaccdb5eb2565ded9abbe76bc
8712ec0e52f053670f8c709ceda6d482	8712ec0e52f053670f8c709ceda6d482
a73e820aefe0b5b07e41a37c2fad683b	a73e820aefe0b5b07e41a37c2fad683b
006f75621a34a4ce85537c3693dc11d6	006f75621a34a4ce85537c3693dc11d6
7f6a4b47d12e78eee63951fcc6fc92ba	7f6a4b47d12e78eee63951fcc6fc92ba
deaf0e4396d1821eb56542223d3bad08	deaf0e4396d1821eb56542223d3bad08
59dfabe350e121d71eca0fb0bd5b54f8	59dfabe350e121d71eca0fb0bd5b54f8
5e9a84525027398f47332f9df482cb39	5e9a84525027398f47332f9df482cb39
4ac141b55063c2462b91cbf4dad96965	4ac141b55063c2462b91cbf4dad96965
962ff1fa46b0c9a7612666e251e16eb6	962ff1fa46b0c9a7612666e251e16eb6
ef2086e5b904266f8bb76c0f4ac7cd39	ef2086e5b904266f8bb76c0f4ac7cd39
7caf4c4618458bef525e5b76e4f0c33c	7caf4c4618458bef525e5b76e4f0c33c
c94134f734a00b28575996a136e3c4cd	c94134f734a00b28575996a136e3c4cd
013ecd818bc4a67b41808376d4d7b8e0	013ecd818bc4a67b41808376d4d7b8e0
ba8f37b0dd6b287110efbe46dca3fbbe	ba8f37b0dd6b287110efbe46dca3fbbe
53e45537d6f74f223a8b667049183ae5	53e45537d6f74f223a8b667049183ae5
871859321ddcfa7de07e35986c052586	871859321ddcfa7de07e35986c052586
9409f055c22a88895aecbbd9a3533426	9409f055c22a88895aecbbd9a3533426
3bf03ee892f351afe5afde375aa1a5de	3bf03ee892f351afe5afde375aa1a5de
1a3a2cdd96ead675e6e364d7e104bd15	1a3a2cdd96ead675e6e364d7e104bd15
9ff5872501ddc8d88c8e1756654298af	9ff5872501ddc8d88c8e1756654298af
ff9462c1c35e1143bb12e88ffba2a4ac	ff9462c1c35e1143bb12e88ffba2a4ac
6a043121fbba3682ba79a6e5520c76e9	6a043121fbba3682ba79a6e5520c76e9
c3eff5e6e58f962628f5ce2dbdeaa662	c3eff5e6e58f962628f5ce2dbdeaa662
6bcc592616dc5f308c3c7233f0cba2f6	6bcc592616dc5f308c3c7233f0cba2f6
0a2348d52951a7c9deba04dd369ef492	0a2348d52951a7c9deba04dd369ef492
7ecf2791f33b4a8f0244f15e0cc23b77	7ecf2791f33b4a8f0244f15e0cc23b77
e4c91e5376fb1cd2051e28a751f392c7	e4c91e5376fb1cd2051e28a751f392c7
78f1d9045587216f5b82d43dd0678225	78f1d9045587216f5b82d43dd0678225
fd204f7a88e546b2288fb9b86489ba32	fd204f7a88e546b2288fb9b86489ba32
d49defade3316e90a83eaef200a78022	d49defade3316e90a83eaef200a78022
21d7e62dcb41af8594c4df7553f91843	21d7e62dcb41af8594c4df7553f91843
9adce6a64069775cca366cf05111020e	9adce6a64069775cca366cf05111020e
434fa31e3ec60ed65247eb324f4c84bd	434fa31e3ec60ed65247eb324f4c84bd
560a5d84258f2db058e43bad5c58cce1	560a5d84258f2db058e43bad5c58cce1
783030bc038dc40211fa02898dc0d94a	783030bc038dc40211fa02898dc0d94a
9643175cd2d125a35d606a37a24720a6	9643175cd2d125a35d606a37a24720a6
185cd34faccd76a1f988b48d915115d3	185cd34faccd76a1f988b48d915115d3
8e82d39c0f0fc22eeb078ebb25f9caf3	8e82d39c0f0fc22eeb078ebb25f9caf3
ec546260877e924d74a20f60ab167f07	ec546260877e924d74a20f60ab167f07
d443d45b9452b33e2f15317f488a8aff	d443d45b9452b33e2f15317f488a8aff
5c56d84ebf69e8db80bb3d84ec3a70a1	5c56d84ebf69e8db80bb3d84ec3a70a1
7919e06f1fb974b40cc4eb4f98fafbc8	7919e06f1fb974b40cc4eb4f98fafbc8
160d700650ddc37d7dda1730243db151	160d700650ddc37d7dda1730243db151
6473f5042bdb304de3bda35900f9c12b	6473f5042bdb304de3bda35900f9c12b
b640075e163577efe372da8fa1c0c7cf	b640075e163577efe372da8fa1c0c7cf
108ec75ebd3d17a56bfabec9ab334e0e	108ec75ebd3d17a56bfabec9ab334e0e
743cfcc9f4764acb8986d440256ec5c6	743cfcc9f4764acb8986d440256ec5c6
aa872b9a024f9b341b844c287680cc2c	aa872b9a024f9b341b844c287680cc2c
ff7aee72f9acd097656fa7154a0e7c8d	ff7aee72f9acd097656fa7154a0e7c8d
2168dccf99c0d45fbcc4eab4367a2efa	2168dccf99c0d45fbcc4eab4367a2efa
7c1b27dede8b5bb2a1779da2ad3a5619	7c1b27dede8b5bb2a1779da2ad3a5619
e1939986bfeb28ed10de6c1919c7c7b7	e1939986bfeb28ed10de6c1919c7c7b7
a18fe364be913867ccaf93376305af15	a18fe364be913867ccaf93376305af15
f7a1c2a7dc74eb24446faaa79f519ee6	f7a1c2a7dc74eb24446faaa79f519ee6
a9974f0d235091256b86a3fb1ab8c17e	a9974f0d235091256b86a3fb1ab8c17e
3618742c4affb5997fb6806c14edc93c	3618742c4affb5997fb6806c14edc93c
7e73743808f2d2c40210690b5df70be6	7e73743808f2d2c40210690b5df70be6
67b314a9452117a73281cf037545d276	67b314a9452117a73281cf037545d276
ffc0b54d2cb741f130344a4e95506a70	ffc0b54d2cb741f130344a4e95506a70
93f86231a4550a9cf69d1c45b86c3760	93f86231a4550a9cf69d1c45b86c3760
51a09b78e0f91383abd14e6d22e18839	51a09b78e0f91383abd14e6d22e18839
7576f8b3de8911428b6c8ce9dcb15a3d	7576f8b3de8911428b6c8ce9dcb15a3d
a63b30da3075fdd5350f4314e82f0942	a63b30da3075fdd5350f4314e82f0942
74bed3ea8554ffe2985e18fa2edb2df5	74bed3ea8554ffe2985e18fa2edb2df5
22f3835a3555505ea917ed612a6adaba	22f3835a3555505ea917ed612a6adaba
5881bb20a5699e35017633aa882befb5	5881bb20a5699e35017633aa882befb5
b260c77c7f650ec1a49d860ade8589d1	b260c77c7f650ec1a49d860ade8589d1
8a73fe8e68e93d8fe8fba701d53288da	8a73fe8e68e93d8fe8fba701d53288da
b82b3bff3447fe0dc7b4512d455b00b7	b82b3bff3447fe0dc7b4512d455b00b7
ba9bb36244381c04460404798eca0466	ba9bb36244381c04460404798eca0466
9d9a9602291cbf3f1cf4f978cb3cbda2	9d9a9602291cbf3f1cf4f978cb3cbda2
a91ae57cebba7e981b87a464fe8b0e49	a91ae57cebba7e981b87a464fe8b0e49
f9ce1dd6d883fc0c8b12539dd4bc295e	f9ce1dd6d883fc0c8b12539dd4bc295e
92c294ec60947047494d7431d517715b	92c294ec60947047494d7431d517715b
1f671c19e77059eab03e0646c269714f	1f671c19e77059eab03e0646c269714f
e6780c0bd7cd6bd5b15b575ee458a0fb	e6780c0bd7cd6bd5b15b575ee458a0fb
5f70f4532c3401b233c186fee569e57b	5f70f4532c3401b233c186fee569e57b
9c41197063c63ceb1b76608a0f70e7dc	9c41197063c63ceb1b76608a0f70e7dc
a1bd9e854f70c8d5670a1a78ea82a408	a1bd9e854f70c8d5670a1a78ea82a408
36d8851acabc2681999238d7b65f3b7d	36d8851acabc2681999238d7b65f3b7d
4874dbd06c7f06dce2891c5ddf260f09	4874dbd06c7f06dce2891c5ddf260f09
5f4df1b46b3ef2a9cbd173c0b8a7f3a6	5f4df1b46b3ef2a9cbd173c0b8a7f3a6
ddbf23c8c5653d14479d9bf997ef7e1b	ddbf23c8c5653d14479d9bf997ef7e1b
38f9479d2f37d1036274704b09d2e3c5	38f9479d2f37d1036274704b09d2e3c5
f8f17adacef3bb7cdccfde91b29e210c	f8f17adacef3bb7cdccfde91b29e210c
89fdfed0daa1852ef44dcff4d1090b31	89fdfed0daa1852ef44dcff4d1090b31
caac61a3d56b40ee44fc7a44d1a7cad5	caac61a3d56b40ee44fc7a44d1a7cad5
abb93258f9386db272a6c093fa48214f	abb93258f9386db272a6c093fa48214f
5a22f4191c8e78514cbd2cc4b9f77cf8	5a22f4191c8e78514cbd2cc4b9f77cf8
849154d1fef3cbacbdede1343a55ac92	849154d1fef3cbacbdede1343a55ac92
e95999a76ec336090b936b604ad1c85c	e95999a76ec336090b936b604ad1c85c
c071c361da6bd584f35a61c221f649a8	c071c361da6bd584f35a61c221f649a8
27d6b2e930d4a050ee2f2883fa17f4dd	27d6b2e930d4a050ee2f2883fa17f4dd
044bfc35bb63c2d016da91e3a430d3f7	044bfc35bb63c2d016da91e3a430d3f7
122f7d60fd1a665fd56f6cccca9c2002	122f7d60fd1a665fd56f6cccca9c2002
bf6da49e7ec2e3f32e63fcf01e6eb4be	bf6da49e7ec2e3f32e63fcf01e6eb4be
99265a47769bf2291890459c230f0af3	99265a47769bf2291890459c230f0af3
fdeb376b12c58bc9f69c3df43dce04b9	fdeb376b12c58bc9f69c3df43dce04b9
a25305566d3c86ba086b4bd278233716	a25305566d3c86ba086b4bd278233716
dfd1f141090fa1d6d42acd772d1ce1d6	dfd1f141090fa1d6d42acd772d1ce1d6
9743171ce3d8d585e84414a7584381bb	9743171ce3d8d585e84414a7584381bb
1b04d06d0304a5287c35ff7900a9445c	1b04d06d0304a5287c35ff7900a9445c
10451e494e3e82df380cb2bdb4147870	10451e494e3e82df380cb2bdb4147870
beaa0af6c44ccc4f0cf7897abd93f20b	beaa0af6c44ccc4f0cf7897abd93f20b
61ca5b774895794b5f60b8955b2b7731	61ca5b774895794b5f60b8955b2b7731
58dd516076325bb276b9c8ac16eaa11f	58dd516076325bb276b9c8ac16eaa11f
da2d307acbc750e709821f37106a97ee	da2d307acbc750e709821f37106a97ee
4cbc3567a6fdadc7872671c3502cbe92	4cbc3567a6fdadc7872671c3502cbe92
247589858ca471f2c6e55961206ddb75	247589858ca471f2c6e55961206ddb75
ad64cc8496a9b0eef27770bb5c6f3817	ad64cc8496a9b0eef27770bb5c6f3817
7fb958f35093820357f004108ac5b30f	7fb958f35093820357f004108ac5b30f
156668a439bfb96ad058ce2b9d8cf0d0	156668a439bfb96ad058ce2b9d8cf0d0
1dd60e815236053374c5540e0efe06b6	1dd60e815236053374c5540e0efe06b6
57aefa5d0a0056772a9e3e71c4ddec1b	57aefa5d0a0056772a9e3e71c4ddec1b
484f062ed712542978ef6d4d8b705fe0	484f062ed712542978ef6d4d8b705fe0
5b94a53a6cae9edba9ec84e91d94a6d5	5b94a53a6cae9edba9ec84e91d94a6d5
13a330d5f4e3533d09fb6e726d1f1f62	13a330d5f4e3533d09fb6e726d1f1f62
661c20a995fc373d17a72de5a350c10a	661c20a995fc373d17a72de5a350c10a
506667dea54dd2c7f1ee6b490006e156	506667dea54dd2c7f1ee6b490006e156
c014abeab40ac26d9bcdc29e7123b7b5	c014abeab40ac26d9bcdc29e7123b7b5
8ed48b9d23ca79657a0a30a5eb68236c	8ed48b9d23ca79657a0a30a5eb68236c
8d4e1a7e448b304c88920326104a1c31	8d4e1a7e448b304c88920326104a1c31
154159c07394a54e549e41e733c80a75	154159c07394a54e549e41e733c80a75
6196ef873e2e67aaaa78fce71b567334	6196ef873e2e67aaaa78fce71b567334
d9e72cc9f5cfd4399f53a07f56106241	d9e72cc9f5cfd4399f53a07f56106241
50ea0205e48fe28e93f7c4c9a957a5da	50ea0205e48fe28e93f7c4c9a957a5da
ec39293a8db6cdfc99fecc1decfa59d7	ec39293a8db6cdfc99fecc1decfa59d7
59365d5d938606209bf0b5a7e8fd06a0	59365d5d938606209bf0b5a7e8fd06a0
90ee235f42aecb4c43f656130f495549	90ee235f42aecb4c43f656130f495549
95595a8e5962ef69862b877b403c5943	95595a8e5962ef69862b877b403c5943
c31f0050598757e4d8b7687209f8a8ca	c31f0050598757e4d8b7687209f8a8ca
89d1dd551b8df7cc1fc1833a6597f034	89d1dd551b8df7cc1fc1833a6597f034
d729f135c340f62b9fdf8c68a958b4f0	d729f135c340f62b9fdf8c68a958b4f0
4740597d68a93c6f7cdabe9e64196787	4740597d68a93c6f7cdabe9e64196787
d555a790939c18b5aa0f2b7720b238c5	d555a790939c18b5aa0f2b7720b238c5
f2735c286490a71c359f4d5db6bdd217	f2735c286490a71c359f4d5db6bdd217
5acab566181b755b2bbc580ead6cea70	5acab566181b755b2bbc580ead6cea70
57423f6bbee17a13a96224ed010a6948	57423f6bbee17a13a96224ed010a6948
2445fa46eac0afcc916602b02e1ed6e1	2445fa46eac0afcc916602b02e1ed6e1
c7444b1d9b200fdeb922693aab29deb4	c7444b1d9b200fdeb922693aab29deb4
cd4a4cd5016bf44fe442b7072a21e1eb	cd4a4cd5016bf44fe442b7072a21e1eb
d7c727dfca8a3d8d4f384e305271a33d	d7c727dfca8a3d8d4f384e305271a33d
c6cdc71a1f7376db5a843ade152ed641	c6cdc71a1f7376db5a843ade152ed641
706238e155ac396286b27ab224a89f2f	706238e155ac396286b27ab224a89f2f
cbb3bfa99f78a06dc76ce7026229fa49	cbb3bfa99f78a06dc76ce7026229fa49
ffa2d3d4e030a8f45850c379c0d196f5	ffa2d3d4e030a8f45850c379c0d196f5
e0f9fa355610ccd010bb8c48f284113e	e0f9fa355610ccd010bb8c48f284113e
a01b6188fb1fe6548a57a176ebbddf48	a01b6188fb1fe6548a57a176ebbddf48
15e9ef7da7fa70e175922777fefaf105	15e9ef7da7fa70e175922777fefaf105
ff45637a4bbff25f53285cceb3cdf38e	ff45637a4bbff25f53285cceb3cdf38e
d06b4cca987af68340a91a13ef12e32f	d06b4cca987af68340a91a13ef12e32f
fed6214f8341063561e7d8610fa125f9	fed6214f8341063561e7d8610fa125f9
6184f0b1e75cda5265da4646ba5fe76b	6184f0b1e75cda5265da4646ba5fe76b
1e0b4406eecb0eee8a9719470fd0188b	1e0b4406eecb0eee8a9719470fd0188b
00435149434ee02a7726035635116c57	00435149434ee02a7726035635116c57
bb8d7dea5b8d68c017a276447ec59ed0	bb8d7dea5b8d68c017a276447ec59ed0
52096e6a1862db780f467624c719d598	52096e6a1862db780f467624c719d598
d5d033f5d15a8ef02d13108ff7c2504e	d5d033f5d15a8ef02d13108ff7c2504e
dbcd87a34bb70e20aeea251c048f3673	dbcd87a34bb70e20aeea251c048f3673
2e9f1c3013022ced2c0c9567d59fc064	2e9f1c3013022ced2c0c9567d59fc064
8a627a2352d57f70cfe968502ceab41c	8a627a2352d57f70cfe968502ceab41c
e2b5bba927d30d1cc66e2eb74686aecd	e2b5bba927d30d1cc66e2eb74686aecd
367da03193554afa419233cf58aa75c7	367da03193554afa419233cf58aa75c7
05e8a6961920be51ef255806b9919bf2	05e8a6961920be51ef255806b9919bf2
8a2950244650b024368aa8174145ba33	8a2950244650b024368aa8174145ba33
0ae1308cf1201de65c4edfcd616e89b2	0ae1308cf1201de65c4edfcd616e89b2
387071dffdbd98debccce327a7331d91	387071dffdbd98debccce327a7331d91
6b729ee3af59d15c2221e3e3b4e42e3d	6b729ee3af59d15c2221e3e3b4e42e3d
8dd7ed4ba747f59f656ea991d2c80714	8dd7ed4ba747f59f656ea991d2c80714
bf400b6b9c7eb5624390af899642dda8	bf400b6b9c7eb5624390af899642dda8
1c7846cda2f632215202ab6bb52f39c1	1c7846cda2f632215202ab6bb52f39c1
d5694b96d7760e595c6a132766250d5d	d5694b96d7760e595c6a132766250d5d
45b5a5fa0ef5a584b590cbbda45406a3	45b5a5fa0ef5a584b590cbbda45406a3
0a05309d0f3f388b992277573b5314a8	0a05309d0f3f388b992277573b5314a8
46e6de3383c911b1ae3856dff54b6704	46e6de3383c911b1ae3856dff54b6704
2fcdd5429c966e1b72e2e352db5c1702	2fcdd5429c966e1b72e2e352db5c1702
baa7827d19d7da2ff41ff49f48d740c7	baa7827d19d7da2ff41ff49f48d740c7
ba418eda459466506fc76728e183d26a	ba418eda459466506fc76728e183d26a
1b1f1850c1613c9a2b6281ff1cf3512b	1b1f1850c1613c9a2b6281ff1cf3512b
44c7eb469b044418177fcc1e3e734e64	44c7eb469b044418177fcc1e3e734e64
547f7f631b685c5f07486e3170f16ea4	547f7f631b685c5f07486e3170f16ea4
0792b6d3dee4eb623d00869e9dbeab7d	0792b6d3dee4eb623d00869e9dbeab7d
3ec9a72eea2934c7e20bf5e3840b3935	3ec9a72eea2934c7e20bf5e3840b3935
c45370512574e3edc22339199a7a1257	c45370512574e3edc22339199a7a1257
c06113b33557464d9ada717d3c4cfc6b	c06113b33557464d9ada717d3c4cfc6b
c78a0018e2b5d7019760ccdecc4f48c7	c78a0018e2b5d7019760ccdecc4f48c7
8d61c02363fff03c538552889f4dd524	8d61c02363fff03c538552889f4dd524
a62e32c83e169200a7222bc5e937b23b	a62e32c83e169200a7222bc5e937b23b
f73273a138744be3792ee8076251e61b	f73273a138744be3792ee8076251e61b
2de10dd2ae8a30ed0ac7e261c66ca912	2de10dd2ae8a30ed0ac7e261c66ca912
4d37a7e82cac5bf69e519cc83c531770	4d37a7e82cac5bf69e519cc83c531770
48bd5bbf943ab3799d1db417bc2b66b3	48bd5bbf943ab3799d1db417bc2b66b3
54cc0ade7f2f96a6764dc48d15449366	54cc0ade7f2f96a6764dc48d15449366
97378e26fa777a64cd6b79041680531e	97378e26fa777a64cd6b79041680531e
870f90118325274a54b8bafde50001f5	870f90118325274a54b8bafde50001f5
b77af7ecf7f3b9fd02a8c9a8c543c9d3	b77af7ecf7f3b9fd02a8c9a8c543c9d3
ffeae2fdd8c2c7b1d1c1c1d7a33944c8	ffeae2fdd8c2c7b1d1c1c1d7a33944c8
dd5ce8d0b040693d540cb5aaf1b9fb3b	dd5ce8d0b040693d540cb5aaf1b9fb3b
6f60ea1bc2ee51d11c9c67afa61156f4	6f60ea1bc2ee51d11c9c67afa61156f4
5c0644f23e7db04b7c8bd37098828313	5c0644f23e7db04b7c8bd37098828313
106e6b17a6a866f059edb6046bdfd2ed	106e6b17a6a866f059edb6046bdfd2ed
b80fe9b6287febc0e7345f8996dddff4	b80fe9b6287febc0e7345f8996dddff4
c4bf908610bf22c42dd14993f138e24b	c4bf908610bf22c42dd14993f138e24b
99a970b879d98d4c45a6efe8b99f85af	99a970b879d98d4c45a6efe8b99f85af
ce6ac6de24d317298fb24086043636f5	ce6ac6de24d317298fb24086043636f5
e7670ead45dd3c0e9ed8dab866daa619	e7670ead45dd3c0e9ed8dab866daa619
19c948b1d7a97c399539262a684f0e48	19c948b1d7a97c399539262a684f0e48
ef2806147d95774247f4d0e493f60296	ef2806147d95774247f4d0e493f60296
e9412a014f6018463f9cf0a0bd7dfacb	e9412a014f6018463f9cf0a0bd7dfacb
734f767ba9e7ff7ee278cd4c4134ba85	734f767ba9e7ff7ee278cd4c4134ba85
851d8b0b44c78c7ce24c78b9f14b1d85	851d8b0b44c78c7ce24c78b9f14b1d85
d8ffc409f279dddd953f5311921fe3ce	d8ffc409f279dddd953f5311921fe3ce
676e65e32256e3bfa4c68b8d0b5abf82	676e65e32256e3bfa4c68b8d0b5abf82
760adb5c70be056f42e827b709e588cc	760adb5c70be056f42e827b709e588cc
c75ebe524e8e3d8e063dcd590b770f80	c75ebe524e8e3d8e063dcd590b770f80
f520a3d61ff27fb136721f093327b512	f520a3d61ff27fb136721f093327b512
82017a26ca842ed8693910d1d5947552	82017a26ca842ed8693910d1d5947552
cc1f106dae404eca16e3b7d588d58645	cc1f106dae404eca16e3b7d588d58645
395d7bf03fbcf97c4a6061079f188665	395d7bf03fbcf97c4a6061079f188665
fdc1a7c3ebe3c43c9205147181cadf6b	fdc1a7c3ebe3c43c9205147181cadf6b
293ba98154afac29ad887872351d7b78	293ba98154afac29ad887872351d7b78
17a8011670a300b61ae0d583b79a3eeb	17a8011670a300b61ae0d583b79a3eeb
b3b65b777cd1f47730e3949cd2e3e3c5	b3b65b777cd1f47730e3949cd2e3e3c5
c0ccc69e2fc6a32433b531bb5d698b10	c0ccc69e2fc6a32433b531bb5d698b10
a846d5cf03d9cd45d662e73581c6e873	a846d5cf03d9cd45d662e73581c6e873
7a714110c93f59ae440d2d3e73426965	7a714110c93f59ae440d2d3e73426965
bff6bb0d089f1d497867eecdb06fa3a6	bff6bb0d089f1d497867eecdb06fa3a6
707be12a401dacb9dab32fe358fc1266	707be12a401dacb9dab32fe358fc1266
ce40c181946a180dab9c2dc751aa54a2	ce40c181946a180dab9c2dc751aa54a2
7c8a96a657d3b13dc275b74e8c5a0957	7c8a96a657d3b13dc275b74e8c5a0957
28f1598201a0bb8cac3ad4ee8567b0bf	28f1598201a0bb8cac3ad4ee8567b0bf
6c50dd3cf297cf30eaf754d064def0bb	6c50dd3cf297cf30eaf754d064def0bb
140afb20c26df0263708b67d648dab49	140afb20c26df0263708b67d648dab49
e68b67bcba54521d3c816e19a61aae36	e68b67bcba54521d3c816e19a61aae36
e21fc8d6fb72d301fc9c60d5767cce74	e21fc8d6fb72d301fc9c60d5767cce74
41d6e94b25c896c649a4f8298568b9e7	41d6e94b25c896c649a4f8298568b9e7
535f0ff60b00e9ca6e4f9932d7a43557	535f0ff60b00e9ca6e4f9932d7a43557
2a231f08891292ebf633fb67c2243110	2a231f08891292ebf633fb67c2243110
ab34a563d5f48fe1aefa1605b75f6856	ab34a563d5f48fe1aefa1605b75f6856
210334a9347ab1a593ea140b2e1b3767	210334a9347ab1a593ea140b2e1b3767
80faa60a8ab72dbd51532fb832bf2b3a	80faa60a8ab72dbd51532fb832bf2b3a
29c5f93e21cdffc7dfd2ad7316dcf72c	29c5f93e21cdffc7dfd2ad7316dcf72c
d3abd7ccee177de6c440001448eca73b	d3abd7ccee177de6c440001448eca73b
32a92122e857122fc6999ef97414e003	32a92122e857122fc6999ef97414e003
99433f5ce2a1498230e5564ede94e542	99433f5ce2a1498230e5564ede94e542
64c91d01d05cff3ab50f60a9c8f0ea8f	64c91d01d05cff3ab50f60a9c8f0ea8f
d2a2e34ba2a4bfe597dedde09577c22d	d2a2e34ba2a4bfe597dedde09577c22d
de32ff54aeb9ab91192e684e963e3949	de32ff54aeb9ab91192e684e963e3949
8d10d599cc90640ec1bc081f441078c4	8d10d599cc90640ec1bc081f441078c4
f4aa11e8bdcb8a2c5b6c90bd379d9055	f4aa11e8bdcb8a2c5b6c90bd379d9055
a0c75bca30d22c8ba1d9cdb585c0aa0d	a0c75bca30d22c8ba1d9cdb585c0aa0d
0b8806376cc32b61660062ae77506f46	0b8806376cc32b61660062ae77506f46
6ba1a63b03ed1667ddedc0813b737f0d	6ba1a63b03ed1667ddedc0813b737f0d
eb07ebb0eddaeed726369c67933f8e4d	eb07ebb0eddaeed726369c67933f8e4d
8ca9a7d28a2242d765259bd5243cf2d6	8ca9a7d28a2242d765259bd5243cf2d6
0e8387c15c6a68bfb7e75f8d16b44de9	0e8387c15c6a68bfb7e75f8d16b44de9
3bee466e34d5904ab15480910983a253	3bee466e34d5904ab15480910983a253
8a6ac5e505b66e73c70049c2f4ba9baf	8a6ac5e505b66e73c70049c2f4ba9baf
e6d674f2c78a60968218fa2c00c67904	e6d674f2c78a60968218fa2c00c67904
68bd5e57347240d78d0567d152134795	68bd5e57347240d78d0567d152134795
a8d9100f78d847cb09c360f730591afa	a8d9100f78d847cb09c360f730591afa
e22d207e6c6bd2550f06a8f654c8af61	e22d207e6c6bd2550f06a8f654c8af61
9ebf8cc5de2162d93434ee6abfc5ddd2	9ebf8cc5de2162d93434ee6abfc5ddd2
b15ff171b8f65dd985c8985d090802e3	b15ff171b8f65dd985c8985d090802e3
da3ce69a6769543c9da7a139d034da9c	da3ce69a6769543c9da7a139d034da9c
db3b31269de6e7ea525185b2949155d0	db3b31269de6e7ea525185b2949155d0
e13c4d6b4da9284d21ddc97ff95edde0	e13c4d6b4da9284d21ddc97ff95edde0
3d851ec0c09670864ce9be8aa0a965c3	3d851ec0c09670864ce9be8aa0a965c3
ec66cc508688c21839c3367bce612ae4	ec66cc508688c21839c3367bce612ae4
302094159935ef8a5557ad7f9ee01b84	302094159935ef8a5557ad7f9ee01b84
9d2c8caeb6241f933ef317e09bac147a	9d2c8caeb6241f933ef317e09bac147a
eb54c016ebcdb51534f8d865b3a5c706	eb54c016ebcdb51534f8d865b3a5c706
a018eb1d8afceb2751d3b92b22f4d35f	a018eb1d8afceb2751d3b92b22f4d35f
ede0ef73350bd4109ff197bd6aec5072	ede0ef73350bd4109ff197bd6aec5072
8bcecfcbbe56c319b7884ef6b4617200	8bcecfcbbe56c319b7884ef6b4617200
361d5fcf93ca753fe4872c98a62972b3	361d5fcf93ca753fe4872c98a62972b3
fadd383dcdfb88f5dc48f7038592a729	fadd383dcdfb88f5dc48f7038592a729
2362641b1f4fdcf62cd4d6534dac54fc	2362641b1f4fdcf62cd4d6534dac54fc
298728bd6bbf47d5b01006aab1b9e105	298728bd6bbf47d5b01006aab1b9e105
de5c0209f9db963ce8d490ce370d850c	de5c0209f9db963ce8d490ce370d850c
380e4c751c7b2670ae304640acaabff5	380e4c751c7b2670ae304640acaabff5
08f097cb51a3d06b4f547925e3d2919a	08f097cb51a3d06b4f547925e3d2919a
f4709144fe6322606492003e42109d83	f4709144fe6322606492003e42109d83
c7f72c513b2a3e643e121a878ab91ea9	c7f72c513b2a3e643e121a878ab91ea9
e9b93dd465e47fe0840da1f07a12d4c1	e9b93dd465e47fe0840da1f07a12d4c1
a95823a2ed52ab22a95190698c93d2c3	a95823a2ed52ab22a95190698c93d2c3
da043a1004fd720222b830be9fb15de0	da043a1004fd720222b830be9fb15de0
a4bbf03b988914b5b930bbcc0b48c44b	a4bbf03b988914b5b930bbcc0b48c44b
93654e5bf80c35b236bcc4014aec890d	93654e5bf80c35b236bcc4014aec890d
ae619b7af8e381112bbcf6c9a37c008e	ae619b7af8e381112bbcf6c9a37c008e
b14c3f748ff5130552acea8a2b12f29d	b14c3f748ff5130552acea8a2b12f29d
af190c55090f4cec548cf041df158fde	af190c55090f4cec548cf041df158fde
f8477fed374934f724e0ad9ea845bbe6	f8477fed374934f724e0ad9ea845bbe6
7b325ae42539e3d3b0d7656c3a99c225	7b325ae42539e3d3b0d7656c3a99c225
67b303c2e18a24c17555ac3260dc3b1b	67b303c2e18a24c17555ac3260dc3b1b
f3f29b983fe8c0dfe37668e9d4ae8bc6	f3f29b983fe8c0dfe37668e9d4ae8bc6
d4cac3b3a901853a0cd442362aee89c9	d4cac3b3a901853a0cd442362aee89c9
42443c84236afb97d6734cc3b4184c8c	42443c84236afb97d6734cc3b4184c8c
1aaeeddd80552a2898b02c2d9f23337d	1aaeeddd80552a2898b02c2d9f23337d
3286a1635c7ce89331a04043643a42e7	3286a1635c7ce89331a04043643a42e7
b5f896f2096a81cfaa0a5f360aa75084	b5f896f2096a81cfaa0a5f360aa75084
7e2ee23d17bee35316723d294005e915	7e2ee23d17bee35316723d294005e915
2e398b8d21dc0766b2cf014de5f215f9	2e398b8d21dc0766b2cf014de5f215f9
9f816697f98090f0dabc2559e60dbb97	9f816697f98090f0dabc2559e60dbb97
8c7f479b9b65a8a11dba9b2d4d4bbb74	8c7f479b9b65a8a11dba9b2d4d4bbb74
b506454c96146e2b93727403242e515f	b506454c96146e2b93727403242e515f
1a2fec0156f8efa7820fdee88182c617	1a2fec0156f8efa7820fdee88182c617
54d5ed14366066ebfb5b16ac90019289	54d5ed14366066ebfb5b16ac90019289
36c31216bf47a62308b2dae350621e7c	36c31216bf47a62308b2dae350621e7c
584d7a22e38ccbc54e524383cfd7c4c5	584d7a22e38ccbc54e524383cfd7c4c5
1e9d200fa3f0e39065f55143a716fee4	1e9d200fa3f0e39065f55143a716fee4
0360a498b5585f9028fa802e6b4f7bf5	0360a498b5585f9028fa802e6b4f7bf5
39588ae5a2fba3ddc3cad7a75d195554	39588ae5a2fba3ddc3cad7a75d195554
8a66e4725750e40bd19b1770b6b845de	8a66e4725750e40bd19b1770b6b845de
da3fd1a55a332ea87aa1da2b633d54b2	da3fd1a55a332ea87aa1da2b633d54b2
9f074321ddcf3e2e3ae39f28e1cd48e9	9f074321ddcf3e2e3ae39f28e1cd48e9
549d81799f4ee128981ab318d18798b2	549d81799f4ee128981ab318d18798b2
026fd7611ae2c3884517a42be3f9dab4	026fd7611ae2c3884517a42be3f9dab4
1a7a971d3bcf21592d1ebabf35d100fd	1a7a971d3bcf21592d1ebabf35d100fd
ac2956ac6d8d97d490867b401a180c4f	ac2956ac6d8d97d490867b401a180c4f
93270051e64ff5958b85c3162450d41e	93270051e64ff5958b85c3162450d41e
7e3e371ef86710a1d15916b6ac9b8bab	7e3e371ef86710a1d15916b6ac9b8bab
745fa7a6a6c33e0c8dec04075ba05382	745fa7a6a6c33e0c8dec04075ba05382
40f80939e6303ce27ee4934e5332b44d	40f80939e6303ce27ee4934e5332b44d
1ea9de67982f906e67ae579d240b9136	1ea9de67982f906e67ae579d240b9136
1283d63576b75ae3110601e4a01858ac	1283d63576b75ae3110601e4a01858ac
65c0d2f8fa0c7955432e5041f4af8be8	65c0d2f8fa0c7955432e5041f4af8be8
afa90c128b183b93bfedf5b99fc5fb7c	afa90c128b183b93bfedf5b99fc5fb7c
a99ca3cf9503840864f6abc5e9d6c30b	a99ca3cf9503840864f6abc5e9d6c30b
d8668512f3a200416bcf582452ac4b37	d8668512f3a200416bcf582452ac4b37
352d49a0c22f75c316a2fa156c3fe766	352d49a0c22f75c316a2fa156c3fe766
6b608f2a6388347f4edf2862f44d664b	6b608f2a6388347f4edf2862f44d664b
27bc7fa7ca715a0568ccc29de0fa9c4d	27bc7fa7ca715a0568ccc29de0fa9c4d
5291006ef2427233f10df0b5ca786a79	5291006ef2427233f10df0b5ca786a79
8b6719eabdb505a5fa3d259195655976	8b6719eabdb505a5fa3d259195655976
08dea1d533b682f918e89f57eef805f4	08dea1d533b682f918e89f57eef805f4
a624c06d123beccb0d3eefea838c2418	a624c06d123beccb0d3eefea838c2418
3b32ed0e7eeb5c90fe7673da1480c197	3b32ed0e7eeb5c90fe7673da1480c197
75c556935f1ce82eca33fb56f78a905f	75c556935f1ce82eca33fb56f78a905f
4307ccd78ddb5945e69aea282e670fab	4307ccd78ddb5945e69aea282e670fab
5634d9cef78477965d23a277612bc172	5634d9cef78477965d23a277612bc172
b9390af2d3c1f284363c392e0a1a739e	b9390af2d3c1f284363c392e0a1a739e
ff7008e0758ad4e31fc71663fead0d80	ff7008e0758ad4e31fc71663fead0d80
f9a94dcb7784db51c528e7390c0281d4	f9a94dcb7784db51c528e7390c0281d4
f5efaab4944dca6092be8006004d7397	f5efaab4944dca6092be8006004d7397
d157ade9303477ab0b43e69c842bf44d	d157ade9303477ab0b43e69c842bf44d
33e9e4b0bdc49ff2fc85facd4efb668c	33e9e4b0bdc49ff2fc85facd4efb668c
1cdb86d7c2eb08a70df7372cfc653855	1cdb86d7c2eb08a70df7372cfc653855
8a362e9081c1623a08eb88b71ece6e42	8a362e9081c1623a08eb88b71ece6e42
0f804ea96a3542b18338b7e0e42f2705	0f804ea96a3542b18338b7e0e42f2705
04b8458f4bfd4c1c9749a946c7f148ce	04b8458f4bfd4c1c9749a946c7f148ce
110f8a86734eb963c09ecc6faa4850bb	110f8a86734eb963c09ecc6faa4850bb
f10c2771cf89d546b340852627925e07	f10c2771cf89d546b340852627925e07
75c997229e5734619638ab700658d3e7	75c997229e5734619638ab700658d3e7
a7b496c1b197447a58a96d5109cf0bf5	a7b496c1b197447a58a96d5109cf0bf5
cbb08d59976c63d28007908710dcef93	cbb08d59976c63d28007908710dcef93
5143b9eb1e0c15cd84428b8391ded42c	5143b9eb1e0c15cd84428b8391ded42c
b2613e86da65aaa92a5bf613bd75daab	b2613e86da65aaa92a5bf613bd75daab
e16db6f53c176ff3721c61e69953793b	e16db6f53c176ff3721c61e69953793b
b30727861682ab6ecc0f2fc89f9132a1	b30727861682ab6ecc0f2fc89f9132a1
d7d3cdd53799e5296423251aa8f5cb20	d7d3cdd53799e5296423251aa8f5cb20
bfad690571983692244717f38b9c41c7	bfad690571983692244717f38b9c41c7
ba5921a710625d52e6f0e828c875ffa4	ba5921a710625d52e6f0e828c875ffa4
0fbbf802437e3b8075bb3e2b00954117	0fbbf802437e3b8075bb3e2b00954117
3bb4199bfa01e4ed6d417ae47fbed0cf	3bb4199bfa01e4ed6d417ae47fbed0cf
d07adf56150a6484bcc80413d3f1893e	d07adf56150a6484bcc80413d3f1893e
2e2dae91bc3f9d3d66a416ce6cc6e592	2e2dae91bc3f9d3d66a416ce6cc6e592
ca1f8a35b5c952d7df6335068a10aef3	ca1f8a35b5c952d7df6335068a10aef3
e9672cb59e0fc6564606c23a57d6c482	e9672cb59e0fc6564606c23a57d6c482
024d64ec6ca834ca7a0889e9b43cce4b	024d64ec6ca834ca7a0889e9b43cce4b
0bbe526822d64408771f3b0ce11b1d2c	0bbe526822d64408771f3b0ce11b1d2c
8cce7bc11722a10d2a19c37688dbe678	8cce7bc11722a10d2a19c37688dbe678
9b1bd1877462f7f4f51b420e1e68752b	9b1bd1877462f7f4f51b420e1e68752b
f1fb17d85ea33fbe3ffc752f748b3d68	f1fb17d85ea33fbe3ffc752f748b3d68
249cb863cc648984bb8e52cc7e086629	249cb863cc648984bb8e52cc7e086629
570a004dad46809cee3376a56c634844	570a004dad46809cee3376a56c634844
58e1b2b19e65fce0168f4c1a65d8a2e5	58e1b2b19e65fce0168f4c1a65d8a2e5
29c92dd089c4362c8266a7d0a44fc1c8	29c92dd089c4362c8266a7d0a44fc1c8
b45131c22e455e6c639ac5b94fec30e7	b45131c22e455e6c639ac5b94fec30e7
863baabe1481f5f03d1272ce4b32bbcc	863baabe1481f5f03d1272ce4b32bbcc
4e29949fbf33f687665c7ec95d0b1b26	4e29949fbf33f687665c7ec95d0b1b26
6c608a3abdc6776299296deadc4e6f84	6c608a3abdc6776299296deadc4e6f84
2f943ea54b44c8dfbdd22fa459c3da5f	2f943ea54b44c8dfbdd22fa459c3da5f
d95ece56860221019a2d090f4440fa33	d95ece56860221019a2d090f4440fa33
1e771a7c64a86589a8adba2fd8105865	1e771a7c64a86589a8adba2fd8105865
4312746590cec13ca4a38f2e528182f2	4312746590cec13ca4a38f2e528182f2
ebe1ba548dc7447b11a11a7d6087a667	ebe1ba548dc7447b11a11a7d6087a667
22c691d4b67b01aeee05921eb3a73dc9	22c691d4b67b01aeee05921eb3a73dc9
08a722ea32f62a771b6aa38df0ef0254	08a722ea32f62a771b6aa38df0ef0254
0c64aae9768662606206c96755e55e81	0c64aae9768662606206c96755e55e81
3eda846ce814dd746d931203746b2d75	3eda846ce814dd746d931203746b2d75
417ee85f3682de63ba1d5084861efeea	417ee85f3682de63ba1d5084861efeea
77d8011ec4c013eb1c6b5f3a3f7d2e03	77d8011ec4c013eb1c6b5f3a3f7d2e03
5c8588373c67c6a22cd5b81f82b9bdbe	5c8588373c67c6a22cd5b81f82b9bdbe
6cf9377cac40b1f3400cf708e908ae0e	6cf9377cac40b1f3400cf708e908ae0e
c4d474f39ba145c2d5c2077d7347cb22	c4d474f39ba145c2d5c2077d7347cb22
ad83c0dd1210b331571894b1e0358449	ad83c0dd1210b331571894b1e0358449
a0a1374ae018983a7f0c5f9d8de40638	a0a1374ae018983a7f0c5f9d8de40638
fd5d3d191a334c48af5388e1aebdf0d3	fd5d3d191a334c48af5388e1aebdf0d3
f6a0b49849741b5818cb3bb43d382bac	f6a0b49849741b5818cb3bb43d382bac
247262465ae9649d9cac57346808b97b	247262465ae9649d9cac57346808b97b
78426d5d0429f37ac9a998c80f7aacab	78426d5d0429f37ac9a998c80f7aacab
0d6aa558a6aac8ef1009c2d38289cdfe	0d6aa558a6aac8ef1009c2d38289cdfe
31523563b94f138bb15ed61b41a46fd6	31523563b94f138bb15ed61b41a46fd6
0418edee67347a7c4022927bb810e668	0418edee67347a7c4022927bb810e668
3f27bb6bc1aaefcae75f8b2af86316c6	3f27bb6bc1aaefcae75f8b2af86316c6
7c435146180390b67a87bb81dcf08cb5	7c435146180390b67a87bb81dcf08cb5
c5633981c707f74b3a7550307c54dfd9	c5633981c707f74b3a7550307c54dfd9
7c4d78afd0d86bd02661d6373842e870	7c4d78afd0d86bd02661d6373842e870
452d976be6cc13086ff9ac2bb728cbdd	452d976be6cc13086ff9ac2bb728cbdd
8e07a930729d33bdc4704eece14e52e0	8e07a930729d33bdc4704eece14e52e0
79d7c6a38c3324a8530b3de6c7c45805	79d7c6a38c3324a8530b3de6c7c45805
86a2cced29c794cd946d3f2c685b64c4	86a2cced29c794cd946d3f2c685b64c4
2767029bcba4fff08589ebfa29f60b34	2767029bcba4fff08589ebfa29f60b34
e8fdd4a8a7b6236f26db6551014d344a	e8fdd4a8a7b6236f26db6551014d344a
4bcb84ae92783fe0b82cb21b16b3daa7	4bcb84ae92783fe0b82cb21b16b3daa7
10d07f8c1ac3ca987c212ca51396d38f	10d07f8c1ac3ca987c212ca51396d38f
009160bfde60715772e504df6b7b4d40	009160bfde60715772e504df6b7b4d40
af7c6bf0e46dd165d4442ec7665ea805	af7c6bf0e46dd165d4442ec7665ea805
fb1c05d519ff2229b38b0907801fb44c	fb1c05d519ff2229b38b0907801fb44c
a6d5dfbb5da294cf6fd1b7c294ef0820	a6d5dfbb5da294cf6fd1b7c294ef0820
f08ae9710c71a56bc0f7776637443e05	f08ae9710c71a56bc0f7776637443e05
b33a1a4ff08f20ea44c9979aa52a592e	b33a1a4ff08f20ea44c9979aa52a592e
135ec679eb68168b0e60b8dbd9f7bbf6	135ec679eb68168b0e60b8dbd9f7bbf6
c58822b9885c431c9aefa78871bd8a55	c58822b9885c431c9aefa78871bd8a55
e9f99ca3c10b0ed54172d740e8e39f98	e9f99ca3c10b0ed54172d740e8e39f98
db04edf00048cd9c77e2c8aa81d9d8d6	db04edf00048cd9c77e2c8aa81d9d8d6
4c51de2a208307e6e6e3b8e4c2d1470a	4c51de2a208307e6e6e3b8e4c2d1470a
f9e3bbddf0c277091c33c3aac56f02d2	f9e3bbddf0c277091c33c3aac56f02d2
602a67ebe99f5562ea03337a0c2a39b5	602a67ebe99f5562ea03337a0c2a39b5
20bdcad8cd5aea50d739bf8d802e2ecb	20bdcad8cd5aea50d739bf8d802e2ecb
4a8a9f963e44bf08225fa5690c51fce9	4a8a9f963e44bf08225fa5690c51fce9
2866023cb954b05059c687df27bd65cb	2866023cb954b05059c687df27bd65cb
596104c8a50cb9f36c0de631d31d9ab9	596104c8a50cb9f36c0de631d31d9ab9
43350a055f95d6f749c786d36f26c0d3	43350a055f95d6f749c786d36f26c0d3
0b311fd10d1a4071f1c20a67adaa55ac	0b311fd10d1a4071f1c20a67adaa55ac
ca2c80957c045fc275f4562c335fd869	ca2c80957c045fc275f4562c335fd869
170089c0ec759a8c920a940d80debbae	170089c0ec759a8c920a940d80debbae
6cb2ce16b57b18b6abb20e033ac6f41b	6cb2ce16b57b18b6abb20e033ac6f41b
4c13398eb232ac1e58d58f23922f7a00	4c13398eb232ac1e58d58f23922f7a00
7c26ca1983429d9498096f4514b42e50	7c26ca1983429d9498096f4514b42e50
1a295a0c5ff32e881203429e3fcdbafc	1a295a0c5ff32e881203429e3fcdbafc
76992e32918d278066ac37a569a65a34	76992e32918d278066ac37a569a65a34
c9e58068741189f5a1474f80c0325971	c9e58068741189f5a1474f80c0325971
82b85263c8200115da4f1de56abc17b8	82b85263c8200115da4f1de56abc17b8
83a5381789d9b36ee36d3a312617f938	83a5381789d9b36ee36d3a312617f938
a560e7379ec586e5ace9fe8d63f50ca9	a560e7379ec586e5ace9fe8d63f50ca9
9184d1660db70b6b4925787cf9c67572	9184d1660db70b6b4925787cf9c67572
ad9a6343a04a31c1ec53dfd69875c5f0	ad9a6343a04a31c1ec53dfd69875c5f0
76fc4961fc0d03b98855a86cb4a76a05	76fc4961fc0d03b98855a86cb4a76a05
291d9b8b2a9f1c96e455357a09cc9635	291d9b8b2a9f1c96e455357a09cc9635
2c0df87c66a8c4050a4a1df88e5e3256	2c0df87c66a8c4050a4a1df88e5e3256
8d3ce86924a7e5dd5fca3090c3b0475a	8d3ce86924a7e5dd5fca3090c3b0475a
02e0e7cf8aa8041880c82e640ed3c14e	02e0e7cf8aa8041880c82e640ed3c14e
154741a52d5412be964f4499c769204e	154741a52d5412be964f4499c769204e
1558f1117b9c01d12215895542cea3b5	1558f1117b9c01d12215895542cea3b5
f051228390fe2473989638e6788cb66d	f051228390fe2473989638e6788cb66d
d171b8b96d7ff4a8aa266d4ed8506d3a	d171b8b96d7ff4a8aa266d4ed8506d3a
4e4f3c92cb0713148daab3e047a7ee36	4e4f3c92cb0713148daab3e047a7ee36
f7df4f142a09e6d688fbf2e5a93cef26	f7df4f142a09e6d688fbf2e5a93cef26
07dbff348e287cd8fa38a9366ae15cbc	07dbff348e287cd8fa38a9366ae15cbc
9e0eb6fb39aa7ba040f10c8aa416a136	9e0eb6fb39aa7ba040f10c8aa416a136
367a612ac4463dc536f75462b8178f0c	367a612ac4463dc536f75462b8178f0c
aea9d4660cd294050495c44d5f25bf80	aea9d4660cd294050495c44d5f25bf80
134ff49101270416ee323cf861e8d3f1	134ff49101270416ee323cf861e8d3f1
e1c3db1c752c38e321b78f0336efeda6	e1c3db1c752c38e321b78f0336efeda6
26125b38a3e1b9461315ff1b611466fe	26125b38a3e1b9461315ff1b611466fe
392a676acb2642e9c29a21884bf95d7f	392a676acb2642e9c29a21884bf95d7f
ef1d5ec333b62abaeff6d1e497f00f21	ef1d5ec333b62abaeff6d1e497f00f21
256c15d3eae7d08540763524d7bfafb1	256c15d3eae7d08540763524d7bfafb1
90a874495937c623bbb15690bf9d47e6	90a874495937c623bbb15690bf9d47e6
1f638358b834a94a1265f22fd0edc06a	1f638358b834a94a1265f22fd0edc06a
84e1e870c009b2b9aa334c0527068206	84e1e870c009b2b9aa334c0527068206
d4535a084421c28e38562926571e17bf	d4535a084421c28e38562926571e17bf
31461defdd7fd939813f6590f7a1f9c7	31461defdd7fd939813f6590f7a1f9c7
bb37db43a4cba4e7297f7ea91a9c16c9	bb37db43a4cba4e7297f7ea91a9c16c9
650a29d4b8499dac4623cc3ae6a2a66f	650a29d4b8499dac4623cc3ae6a2a66f
9c5c77a1c21e061a5c049aa2bfa64270	9c5c77a1c21e061a5c049aa2bfa64270
fc77175dcba363ce40345df42d98e0c8	fc77175dcba363ce40345df42d98e0c8
783d5459b7b42bd4d7a2ac1d434949b2	783d5459b7b42bd4d7a2ac1d434949b2
c50caa282c30ea14b39774e2d50ac633	c50caa282c30ea14b39774e2d50ac633
7d65b0e53bfa66ba49ff5a6010d6b624	7d65b0e53bfa66ba49ff5a6010d6b624
d3968b4cf861d67c0cffb852bbf737c4	d3968b4cf861d67c0cffb852bbf737c4
d1747f02821e8bc9f3245277c67363fe	d1747f02821e8bc9f3245277c67363fe
8237559056c8e7c273a40470f9283de6	8237559056c8e7c273a40470f9283de6
6a2fcffbf90a83318c096118f1a5bf97	6a2fcffbf90a83318c096118f1a5bf97
379c000a5ab2dba53872fe340b7edad7	379c000a5ab2dba53872fe340b7edad7
c1315987d3e1bb51e80cd43716ebfb60	c1315987d3e1bb51e80cd43716ebfb60
096e693716ee1b2035941b35c5a73150	096e693716ee1b2035941b35c5a73150
8ff4191c9d97d662ea9c324c422da08c	8ff4191c9d97d662ea9c324c422da08c
143ff21ad6aaff37be2dd2af2c1727a7	143ff21ad6aaff37be2dd2af2c1727a7
d4b4dc2830e02e11999b68e03d36f0c5	d4b4dc2830e02e11999b68e03d36f0c5
2fb5feff4b3767e9fc2df99f026743ee	2fb5feff4b3767e9fc2df99f026743ee
218e46aa61402e49b41bf368ecb83289	218e46aa61402e49b41bf368ecb83289
5a900a765c77559e6002091389b42f73	5a900a765c77559e6002091389b42f73
45c5edd51be1ecc155c9f12c0374f5b2	45c5edd51be1ecc155c9f12c0374f5b2
5eaf7015f66ed3aa45dce98228301684	5eaf7015f66ed3aa45dce98228301684
3960f0864976f7a79ea638566f628084	3960f0864976f7a79ea638566f628084
1d96fb64b539a3967e5d667393072e50	1d96fb64b539a3967e5d667393072e50
0b76c0de45ebe2ad7502a0a5546699ca	0b76c0de45ebe2ad7502a0a5546699ca
0e00b42c58d091fe15f24982e4c1bdff	0e00b42c58d091fe15f24982e4c1bdff
29b80ccf782b1720b8c9e2cf88ccbae3	29b80ccf782b1720b8c9e2cf88ccbae3
4d7fd348c7362387f1734c9168549b01	4d7fd348c7362387f1734c9168549b01
6b93870eab8dbc35ab0f969e89ec0df4	6b93870eab8dbc35ab0f969e89ec0df4
28f7cbdffa30072435c93e7521b8e529	28f7cbdffa30072435c93e7521b8e529
f9d526f3b94a27d5de909e1564f0856f	f9d526f3b94a27d5de909e1564f0856f
a4d98ca36dc66a0161e195b9a625b708	a4d98ca36dc66a0161e195b9a625b708
21894ae1f613550531a17f8c1e96b9ae	21894ae1f613550531a17f8c1e96b9ae
3536f8ab3756173438fa60fd5d45f138	3536f8ab3756173438fa60fd5d45f138
6ff16c53b14f4e4259733d82dc4a1286	6ff16c53b14f4e4259733d82dc4a1286
aaa905ae373653b76a3ae53d6574c414	aaa905ae373653b76a3ae53d6574c414
de9a491624d3de163066d0ea1aa7e66a	de9a491624d3de163066d0ea1aa7e66a
70f82799f9fd1df883846b9fc02045df	70f82799f9fd1df883846b9fc02045df
e746c08bfd4cdccae9fd712de81b49e6	e746c08bfd4cdccae9fd712de81b49e6
74bf5d67ecb55f026a56b97173786beb	74bf5d67ecb55f026a56b97173786beb
b4ec6ca9ae558d467b9d324cc300e0d5	b4ec6ca9ae558d467b9d324cc300e0d5
f0f36f6803ab21415d9fba8982899381	f0f36f6803ab21415d9fba8982899381
e48114d593af91b1e8c98680b297f335	e48114d593af91b1e8c98680b297f335
63d630a2e0128ade18b4ddb1adc520cc	63d630a2e0128ade18b4ddb1adc520cc
5d29f47a066decd938086f330a15fdce	5d29f47a066decd938086f330a15fdce
c072501f385a13eb5571976000188c72	c072501f385a13eb5571976000188c72
715189b76001589ffa106a08e1dff81a	715189b76001589ffa106a08e1dff81a
bd323ae18c05ef24ddf56667c04faecd	bd323ae18c05ef24ddf56667c04faecd
a3db044b343b6fd5f845f6d185ed6cc5	a3db044b343b6fd5f845f6d185ed6cc5
1f965df10b41fee8dfd905dafc8ccab0	1f965df10b41fee8dfd905dafc8ccab0
f1d10bfa443393cfe67263894c84e566	f1d10bfa443393cfe67263894c84e566
babb2ebb5ca6d5b569dbcd2b4b628198	babb2ebb5ca6d5b569dbcd2b4b628198
8cf144d1a2cb9b742b5e647ae3937887	8cf144d1a2cb9b742b5e647ae3937887
ca389653fb3be515382b9b81248b977c	ca389653fb3be515382b9b81248b977c
eff048d6f4719b1c26ff557a24d1d47f	eff048d6f4719b1c26ff557a24d1d47f
b37d1cee7682158cd22a6a5a8409823f	b37d1cee7682158cd22a6a5a8409823f
036ca3fa03f8d93a402ced6240a337fe	036ca3fa03f8d93a402ced6240a337fe
d0d71323b9dd35b87d972d7332c7828d	d0d71323b9dd35b87d972d7332c7828d
a0d51ed57f49a0f02e83d35c1059a28f	a0d51ed57f49a0f02e83d35c1059a28f
6cd95b93fa874191c394f2a5fce0c6d1	6cd95b93fa874191c394f2a5fce0c6d1
e27e94d3ea69d387ccd54bf6164d951c	e27e94d3ea69d387ccd54bf6164d951c
0c6d27506430b0ef664ffaecf6041784	0c6d27506430b0ef664ffaecf6041784
7ddecdc9fd8a5501aaa7e766581fc234	7ddecdc9fd8a5501aaa7e766581fc234
c32ce52602602053dcc40a74016b202b	c32ce52602602053dcc40a74016b202b
2c6e06dd2913f61c4ac39b16e2242937	2c6e06dd2913f61c4ac39b16e2242937
00eafe6a22e1f89ec47db6d18e643a8b	00eafe6a22e1f89ec47db6d18e643a8b
5e8163d8758798eb3c69d8e6459ef8d0	5e8163d8758798eb3c69d8e6459ef8d0
4a9c2185bd34de0341e553e809168bfb	4a9c2185bd34de0341e553e809168bfb
ef87c526c7d4b2a1825464230c8613b0	ef87c526c7d4b2a1825464230c8613b0
cd4f5864f8d072b3c3c59625443efeb4	cd4f5864f8d072b3c3c59625443efeb4
c18030275d6e614264ed1e218e8d0a29	c18030275d6e614264ed1e218e8d0a29
d16f37825a82e61e234bb3e9c6b4ef3e	d16f37825a82e61e234bb3e9c6b4ef3e
c3436e502fafd7522879e2f7a03fc017	c3436e502fafd7522879e2f7a03fc017
c04acb9d05c4894f093095695a377e46	c04acb9d05c4894f093095695a377e46
d4e943117d2a643edade820913a255f4	d4e943117d2a643edade820913a255f4
3abf10c0fb708bc94c3ea4dd299e0970	3abf10c0fb708bc94c3ea4dd299e0970
9a3f07ea49c482c07fde7d0310e9b726	9a3f07ea49c482c07fde7d0310e9b726
18fed6e2ac6209143110497142b9635d	18fed6e2ac6209143110497142b9635d
793f8147dc1b95b12a979d56f9af09e8	793f8147dc1b95b12a979d56f9af09e8
7d63ce2a3db0f40a88b320c9425290b1	7d63ce2a3db0f40a88b320c9425290b1
715d62eee33583e65e47a4ab721248dd	715d62eee33583e65e47a4ab721248dd
3c4606ea6d1a5c7fda78db4ed7e79299	3c4606ea6d1a5c7fda78db4ed7e79299
6a8e34c34c852052fbb2ef47f31923cf	6a8e34c34c852052fbb2ef47f31923cf
8e73fe2c2d465181a6eaa918eeb86657	8e73fe2c2d465181a6eaa918eeb86657
3976eece14c9b1d9ea15f8e92e8fd657	3976eece14c9b1d9ea15f8e92e8fd657
67f5482dc6bdfdb3488026668feda370	67f5482dc6bdfdb3488026668feda370
0ec560dddb8926df6e8219674207cde2	0ec560dddb8926df6e8219674207cde2
5fd809f0a152d245084f578cefe62ebe	5fd809f0a152d245084f578cefe62ebe
f8f253b324116a3282775ef3890e5be3	f8f253b324116a3282775ef3890e5be3
312b27adccfe6970b70ba86a0cee12b8	312b27adccfe6970b70ba86a0cee12b8
4c39bb6012cde7f0f6b287f0cf6faba1	4c39bb6012cde7f0f6b287f0cf6faba1
5f370ac909321e883adcb4799b534ce9	5f370ac909321e883adcb4799b534ce9
9c7e0272d2e684c96ed30e567dae6c71	9c7e0272d2e684c96ed30e567dae6c71
2ab4f5f5da3c1adc293d7d4cce0c642f	2ab4f5f5da3c1adc293d7d4cce0c642f
9f0c386ae5ed1e8a4cf60627eaef9738	9f0c386ae5ed1e8a4cf60627eaef9738
e64e2be59eb7a2b1bae20c32a45aebb9	e64e2be59eb7a2b1bae20c32a45aebb9
173ae448654ca5335227d3b8525c15a4	173ae448654ca5335227d3b8525c15a4
c077ac129ab114ca70a368e9c02d5390	c077ac129ab114ca70a368e9c02d5390
f83b1195dba1f41c5981ef6ac1d5424d	f83b1195dba1f41c5981ef6ac1d5424d
09126d58063b8277a04ee3aac810b8cb	09126d58063b8277a04ee3aac810b8cb
12e6756b1c5e3da4523009fe3469dbe1	12e6756b1c5e3da4523009fe3469dbe1
e55facadcb013fe97056a45d01a1ebe9	e55facadcb013fe97056a45d01a1ebe9
17945b9805982ef642a391911fc4227b	17945b9805982ef642a391911fc4227b
1da13f2594e36b00c4be8f84b1e2f084	1da13f2594e36b00c4be8f84b1e2f084
98df39b2029c0db5392ae81283c2cbec	98df39b2029c0db5392ae81283c2cbec
b8420c2e11cc062fd99e1155ddddb171	b8420c2e11cc062fd99e1155ddddb171
dfbfb19eaec2a395e5ae5ba55ebc5150	dfbfb19eaec2a395e5ae5ba55ebc5150
63c21faf02f636d4db33eb0cd9578cc8	63c21faf02f636d4db33eb0cd9578cc8
2c52e7cfa27ed3cc71a00e128eb979ad	2c52e7cfa27ed3cc71a00e128eb979ad
74c51c97def2a267859891084f4615cf	74c51c97def2a267859891084f4615cf
7e0ee986a31426afc6d9b040f73a0d0e	7e0ee986a31426afc6d9b040f73a0d0e
d4da6685892b8a3eed06ec63a629cd0b	d4da6685892b8a3eed06ec63a629cd0b
14d30b85f6c5f64a0f07964095bc6034	14d30b85f6c5f64a0f07964095bc6034
a2402b780a189bd3b4f4306c292e3853	a2402b780a189bd3b4f4306c292e3853
8d91c9aa2880d213b0f8aa6b7d8b75d0	8d91c9aa2880d213b0f8aa6b7d8b75d0
5775c9f866bdb5cb314c7296e2456a83	5775c9f866bdb5cb314c7296e2456a83
713259007cda990fd0aaca19a76bdbbd	713259007cda990fd0aaca19a76bdbbd
c559f8fc17fd583c468b33f5adc58c71	c559f8fc17fd583c468b33f5adc58c71
dca88fe930cb2f7e2222136e929cbad3	dca88fe930cb2f7e2222136e929cbad3
773663d4e0bb7ce224266a6c20376556	773663d4e0bb7ce224266a6c20376556
876ec680235f3ab61952380b058f9259	876ec680235f3ab61952380b058f9259
88019e307023afea93c38f4fbe63a07e	88019e307023afea93c38f4fbe63a07e
7dcfb03c18299d1086a4fc4dbc53084a	7dcfb03c18299d1086a4fc4dbc53084a
80a5d36a94fc661a8c90cb7b2909afe9	80a5d36a94fc661a8c90cb7b2909afe9
29794a6fc88b6eb807e873b2526af135	29794a6fc88b6eb807e873b2526af135
649a28ecc53be94bc2b9e867c66feb58	649a28ecc53be94bc2b9e867c66feb58
294f10362a533a1f02e2c635247e99c9	294f10362a533a1f02e2c635247e99c9
94de5fec33bdfa9dbf8978bffb20af1c	94de5fec33bdfa9dbf8978bffb20af1c
88b29218e2c5d84df9a59ae2d1aff494	88b29218e2c5d84df9a59ae2d1aff494
1f0d9b223dfff09582017b4ffe061e3e	1f0d9b223dfff09582017b4ffe061e3e
deadbfa988f7abf26b5486ebb327015e	deadbfa988f7abf26b5486ebb327015e
95114a4a71b5b20e70db6a6dc5158073	95114a4a71b5b20e70db6a6dc5158073
2cacf357b689684d68a65b90e46d4bff	2cacf357b689684d68a65b90e46d4bff
df36bf0ef99792a2b0fda4f4758c7877	df36bf0ef99792a2b0fda4f4758c7877
61f1f63225aef2e48da88459e5687c02	61f1f63225aef2e48da88459e5687c02
c76428ead0e70b436472d06a91afc033	c76428ead0e70b436472d06a91afc033
28a63622f6034ad7d25ab6225f5cf243	28a63622f6034ad7d25ab6225f5cf243
d0ccf02387f82701f1791a18370fa592	d0ccf02387f82701f1791a18370fa592
0f9d692744f7e258008659564f8695f7	0f9d692744f7e258008659564f8695f7
50bae51fe971fedea407494d07b1c199	50bae51fe971fedea407494d07b1c199
7df5cbcb58e6cb3729136bd55fce43be	7df5cbcb58e6cb3729136bd55fce43be
818ab6f6eff57e431e838337b5c7771b	818ab6f6eff57e431e838337b5c7771b
58a18efacf07c16bab48f5edf61fad1e	58a18efacf07c16bab48f5edf61fad1e
994cfb9798edc6c0cba10804dc819b5e	994cfb9798edc6c0cba10804dc819b5e
c0dab835cd1c4993cbeffe86933c9a46	c0dab835cd1c4993cbeffe86933c9a46
afe22174d13d71da1282c420dd8aabc0	afe22174d13d71da1282c420dd8aabc0
41a7562b262780a3214fce5e560d1c92	41a7562b262780a3214fce5e560d1c92
895f8e0a71532ff57351f87d61b85b43	895f8e0a71532ff57351f87d61b85b43
0c914070c5d2741b683209991a7b2126	0c914070c5d2741b683209991a7b2126
edc4e8eafafd65953bfcdf3f12d9b6da	edc4e8eafafd65953bfcdf3f12d9b6da
68de930c9d90a24cbed61877c525ad1f	68de930c9d90a24cbed61877c525ad1f
3fb10dc293d66f21b97015519cc3ca11	3fb10dc293d66f21b97015519cc3ca11
bf300ae90537598f853dd8f9dd620180	bf300ae90537598f853dd8f9dd620180
63f439abe84686b9f8de9c664d302e13	63f439abe84686b9f8de9c664d302e13
648b3772825e40058ace2289d9725dc9	648b3772825e40058ace2289d9725dc9
0d582cf78b11765be84286d1f16538a5	0d582cf78b11765be84286d1f16538a5
d712a01824f7226596f5a8021a435265	d712a01824f7226596f5a8021a435265
f11fbcc798cd5c88efede341208e8071	f11fbcc798cd5c88efede341208e8071
9d75510a06adcb95b4b5824e1b991e8a	9d75510a06adcb95b4b5824e1b991e8a
f81d927db0dc2e9759649086e08a5d1a	f81d927db0dc2e9759649086e08a5d1a
3a648ea7b6b699f80c6641d81e4c727f	3a648ea7b6b699f80c6641d81e4c727f
5b73624389bdeefe2e60939ff943220f	5b73624389bdeefe2e60939ff943220f
6bfa08fd03570943038da6dc2820942c	6bfa08fd03570943038da6dc2820942c
396ed7863d0826f8474f57835c66e56a	396ed7863d0826f8474f57835c66e56a
e1481236cfd7f904a27a92e7ee8aef30	e1481236cfd7f904a27a92e7ee8aef30
df578dba2ba697a6e36fa458d2103b1b	df578dba2ba697a6e36fa458d2103b1b
550be8033cbd6962117103199cfccbfe	550be8033cbd6962117103199cfccbfe
c09556ae693760e497de660d0952fa89	c09556ae693760e497de660d0952fa89
2f10bf060a84e2a7786a1724155e6f49	2f10bf060a84e2a7786a1724155e6f49
a7180607c1f5e402ae10fe3a3b41dc28	a7180607c1f5e402ae10fe3a3b41dc28
e9fcc7651b0d082a10ba6386eb3b3470	e9fcc7651b0d082a10ba6386eb3b3470
538b31538335c5f3da8629c23a3ef1ac	538b31538335c5f3da8629c23a3ef1ac
51d0f234d5567d0c6e6df2deeaac7ae8	51d0f234d5567d0c6e6df2deeaac7ae8
4c326b5e688ec2f628e610a65f354beb	4c326b5e688ec2f628e610a65f354beb
2a50a4166c78ce960f49ea8bd399e7d3	2a50a4166c78ce960f49ea8bd399e7d3
27b4defbdecb96f01224a4e59b302d45	27b4defbdecb96f01224a4e59b302d45
88222a3d37fe5985f734f90e4b6ae39a	88222a3d37fe5985f734f90e4b6ae39a
2aa96b8956cdde4b43e87b1ffd56aed1	2aa96b8956cdde4b43e87b1ffd56aed1
203eb67b87c7a3d5e3cc8d12ae091b42	203eb67b87c7a3d5e3cc8d12ae091b42
4d3188c7a7a503ea2ccf7db18711c7ed	4d3188c7a7a503ea2ccf7db18711c7ed
c67db8d096ccd1abc01e20dcc5a83d95	c67db8d096ccd1abc01e20dcc5a83d95
55bcd82d2bbbdfd1abd4a432cecb3106	55bcd82d2bbbdfd1abd4a432cecb3106
139b3a842bac5a67836f791535c71ed2	139b3a842bac5a67836f791535c71ed2
17fc774863be415c2b3d4a4150ff113e	17fc774863be415c2b3d4a4150ff113e
22afe7b6e500ec58c77e20c4ac55ebb2	22afe7b6e500ec58c77e20c4ac55ebb2
1e9e34e57e40045c2c14122df69d0977	1e9e34e57e40045c2c14122df69d0977
279681658e7b77cac5856163e328d930	279681658e7b77cac5856163e328d930
157df922b60ac0429c4312fa7a0aa6be	157df922b60ac0429c4312fa7a0aa6be
759ee68edac0d7f1f68562f13f4dc23c	759ee68edac0d7f1f68562f13f4dc23c
f372ccbac25f59233e75651ced711f76	f372ccbac25f59233e75651ced711f76
dac92bc34bb8a619371fe86906e8eefc	dac92bc34bb8a619371fe86906e8eefc
ca8bdc9243c9807323e6740333a5ce45	ca8bdc9243c9807323e6740333a5ce45
c5c200356c53f3783d634aa0406cf3e9	c5c200356c53f3783d634aa0406cf3e9
401b8e0f3b611d75ff9d179b7e0e2c34	401b8e0f3b611d75ff9d179b7e0e2c34
aa82573aef02e3cf809951cdf7fde88a	aa82573aef02e3cf809951cdf7fde88a
a38cb0ca4fcc6653b7a65d6ba6dd51b5	a38cb0ca4fcc6653b7a65d6ba6dd51b5
966f79d19362f66e430a402f7cbe63c0	966f79d19362f66e430a402f7cbe63c0
efb16a77844b090036399629df7bf731	efb16a77844b090036399629df7bf731
a817b283dcab380c40523c0e76106d44	a817b283dcab380c40523c0e76106d44
fe6c05d791e03bd17110531b6aa83c85	fe6c05d791e03bd17110531b6aa83c85
c4f72e774a2c268f3928dd12cd92c1fb	c4f72e774a2c268f3928dd12cd92c1fb
bb8e96a9df54fb01e10ec1bda0470ae2	bb8e96a9df54fb01e10ec1bda0470ae2
5ac8bcf6933fe62859e40b310bbe9dcb	5ac8bcf6933fe62859e40b310bbe9dcb
26207a351efe75cbfa09a30200441fb0	26207a351efe75cbfa09a30200441fb0
ce04c001c6c43d28b5c17960d798d01d	ce04c001c6c43d28b5c17960d798d01d
1d35d2c74406f16cdc2103b5d882f38f	1d35d2c74406f16cdc2103b5d882f38f
964b4e1d99a1441b5dac125d1452b97a	964b4e1d99a1441b5dac125d1452b97a
052de802b59e4d258d96375c7bc6e072	052de802b59e4d258d96375c7bc6e072
a11cf534b1436fc250233bb6b89fea01	a11cf534b1436fc250233bb6b89fea01
da9a9dbda2b63a35ed52b64ce95064f3	da9a9dbda2b63a35ed52b64ce95064f3
b3e535f5ce9d026c3e0b3f9629f57ca3	b3e535f5ce9d026c3e0b3f9629f57ca3
5fe20dee7aca3384ca3538a216129b15	5fe20dee7aca3384ca3538a216129b15
f9bf25150c643d74e7af3bd8a65856ae	f9bf25150c643d74e7af3bd8a65856ae
6c3650722ecd334a593d3d969afa2f9a	6c3650722ecd334a593d3d969afa2f9a
8e87f46b490518f4ad2519c810015fc0	8e87f46b490518f4ad2519c810015fc0
8af762b5b62e0b78fed89e77da9e569b	8af762b5b62e0b78fed89e77da9e569b
5434b96987e60392ac9f45eb7bb14e0e	5434b96987e60392ac9f45eb7bb14e0e
f3fe2f5d8554ac82ad247d10a22d427e	f3fe2f5d8554ac82ad247d10a22d427e
be4e3f32dfda99851560c24b73bca238	be4e3f32dfda99851560c24b73bca238
fdec61b3471c7e72239e710fd610a47e	fdec61b3471c7e72239e710fd610a47e
de6cc17349aff726034d0f921c174337	de6cc17349aff726034d0f921c174337
eb659fdad7bb5d47dee1a6ed9bf4d1a3	eb659fdad7bb5d47dee1a6ed9bf4d1a3
1c23d659eec3e3f6114655b935155a6e	1c23d659eec3e3f6114655b935155a6e
936edd3702c932f2d2f2a12430031bfd	936edd3702c932f2d2f2a12430031bfd
932ec104df225714945d69888f3fc602	932ec104df225714945d69888f3fc602
291a90ba4cd14f9519908dbe4bdbe75f	291a90ba4cd14f9519908dbe4bdbe75f
896db3f10377744de448a1309874e1d5	896db3f10377744de448a1309874e1d5
23e08992c3e2664a08fdd1050c7ee86f	23e08992c3e2664a08fdd1050c7ee86f
44b4c8946adde52dde5fcd8db4103de3	44b4c8946adde52dde5fcd8db4103de3
5fd6d183bdf1f40c2909a5ac510e9219	5fd6d183bdf1f40c2909a5ac510e9219
40aaa761e950644b9ad99e6c4a05c683	40aaa761e950644b9ad99e6c4a05c683
6cb0cb0ef204d6ff12d41b56043714e0	6cb0cb0ef204d6ff12d41b56043714e0
464cd124b81c76816866858af3ec969f	464cd124b81c76816866858af3ec969f
8a5a982b24e6cac9a31fb278284f9f55	8a5a982b24e6cac9a31fb278284f9f55
225734d77780cf2cfcbcb420d88305e2	225734d77780cf2cfcbcb420d88305e2
e228ae635591b0c02e9b37bcc83f806f	e228ae635591b0c02e9b37bcc83f806f
fc15a62637abd1a93b4bda9d22067d75	fc15a62637abd1a93b4bda9d22067d75
3b8dd54c333a86b9e62d4f6f94be6d6c	3b8dd54c333a86b9e62d4f6f94be6d6c
52a8c03232f0fe783cb148b6aa4486fe	52a8c03232f0fe783cb148b6aa4486fe
dee7de5f89b324b95788edc2199ff46d	dee7de5f89b324b95788edc2199ff46d
3ef46526cbc55257679556c9aa3101ff	3ef46526cbc55257679556c9aa3101ff
543da44da370f1ccd33d74e82382f1f7	543da44da370f1ccd33d74e82382f1f7
2a317070db2043ae7bbd9bf20ccb55ea	2a317070db2043ae7bbd9bf20ccb55ea
d9c427d6681fecd6f81f4544cd231957	d9c427d6681fecd6f81f4544cd231957
5ccc8a5a9716c11333324df12caae33d	5ccc8a5a9716c11333324df12caae33d
9cfad5ab93d40a5fe0f3210dc15959c2	9cfad5ab93d40a5fe0f3210dc15959c2
1932e238bee5e48ff2188e7a6c71d6db	1932e238bee5e48ff2188e7a6c71d6db
6bdd7eae61de40e659b64e56df8425b3	6bdd7eae61de40e659b64e56df8425b3
46f4968141d51aa9b284b8414d8d5ccd	46f4968141d51aa9b284b8414d8d5ccd
ae5873c8e2c4c5a473cf5eb7da146033	ae5873c8e2c4c5a473cf5eb7da146033
70d97c22db4203b8df688aa73ee3a539	70d97c22db4203b8df688aa73ee3a539
6e55b481fde15b513616cc1fadcef95d	6e55b481fde15b513616cc1fadcef95d
bc69f26cacb4cf3a7355736c74915b9b	bc69f26cacb4cf3a7355736c74915b9b
9ba9ee6db2e1e1f6c5397cc0b81a04a0	9ba9ee6db2e1e1f6c5397cc0b81a04a0
be2195eaef6a305ce9c280371bfac416	be2195eaef6a305ce9c280371bfac416
de1568f89a62e429ac5cc93454462402	de1568f89a62e429ac5cc93454462402
fa4799b944305c4159f93a8ad8cc1a4e	fa4799b944305c4159f93a8ad8cc1a4e
e061c7daecc56b427bf8c22e6d1d107f	e061c7daecc56b427bf8c22e6d1d107f
c4d990625716d1415becd3073fdf5374	c4d990625716d1415becd3073fdf5374
84ac1f1da3e59c6934f95dc0dc2d1fc1	84ac1f1da3e59c6934f95dc0dc2d1fc1
1787d385b1ec5fa124d10b5251378775	1787d385b1ec5fa124d10b5251378775
a5c88e8056cb342c74036acab6a10485	a5c88e8056cb342c74036acab6a10485
066704b7fa37bd8c7c606930779fe092	066704b7fa37bd8c7c606930779fe092
a5a42edad49033b9cfc3bdb8be84cd17	a5a42edad49033b9cfc3bdb8be84cd17
32fbb97e33cc9370d8a9403e13fa6806	32fbb97e33cc9370d8a9403e13fa6806
33ebeaf69923dfb6de7b5aae491a11b5	33ebeaf69923dfb6de7b5aae491a11b5
b6c74d3cbc5f3f56fc391e4443c6f819	b6c74d3cbc5f3f56fc391e4443c6f819
ef6d7ded2a41dd0cde7ca71e8da39155	ef6d7ded2a41dd0cde7ca71e8da39155
435cf04d14f3bf2d9aa80f5f8957ecae	435cf04d14f3bf2d9aa80f5f8957ecae
03f302a0553e52d271fd2b701797e4f4	03f302a0553e52d271fd2b701797e4f4
8fb78c59758b2f80399aba2ec0d82f1c	8fb78c59758b2f80399aba2ec0d82f1c
94347aa4c398b97d4f2e0234ab557f8a	94347aa4c398b97d4f2e0234ab557f8a
d3863142b8b9148edbc84ce3875c0dac	d3863142b8b9148edbc84ce3875c0dac
8382b02e4f2cbfd919c0217457e92553	8382b02e4f2cbfd919c0217457e92553
4bc406548cea31b6c1fd92d6921b6b7d	4bc406548cea31b6c1fd92d6921b6b7d
12a84def4a2870b6343b117a9a648c65	12a84def4a2870b6343b117a9a648c65
fb9864ecf40818beefb8cc6a4ea2546e	fb9864ecf40818beefb8cc6a4ea2546e
ff737041ebbe63525993636850f8210d	ff737041ebbe63525993636850f8210d
ab31633de422e273955d6edf1497ee5d	ab31633de422e273955d6edf1497ee5d
59ffab478ef43f23230020fbada73c45	59ffab478ef43f23230020fbada73c45
641c5345bf2f1635c6ec345204c88412	641c5345bf2f1635c6ec345204c88412
c97d39ffec4f7f83d87ce10adbf1324e	c97d39ffec4f7f83d87ce10adbf1324e
8d9e2b898619f94c7a13293a93128322	8d9e2b898619f94c7a13293a93128322
c881fee5d2b97b8f002236258db98368	c881fee5d2b97b8f002236258db98368
5ffaad032dd302fbfbdea5da0b455cd2	5ffaad032dd302fbfbdea5da0b455cd2
3c406ab75a7b346b12cfea4e595f0e61	3c406ab75a7b346b12cfea4e595f0e61
e909e35b246e5a19d9f561c40059fbc7	e909e35b246e5a19d9f561c40059fbc7
1e1059230efb80eb8a963e3869222e3f	1e1059230efb80eb8a963e3869222e3f
8a7068d588f7992aeaa9179b9843b86f	8a7068d588f7992aeaa9179b9843b86f
f23982138e4d5ed3fcb068cbac95af41	f23982138e4d5ed3fcb068cbac95af41
6ae924938bfcaa2dd7051a8908a9c423	6ae924938bfcaa2dd7051a8908a9c423
b19c101bb526b70742d926901edd7224	b19c101bb526b70742d926901edd7224
20a958cabcd62e49fbc968c4b36bc141	20a958cabcd62e49fbc968c4b36bc141
ef36c704cd15543b9d5031623d70c4a3	ef36c704cd15543b9d5031623d70c4a3
4ebef9ecbdf7f7e665ff01b728646e31	4ebef9ecbdf7f7e665ff01b728646e31
cb5ae957569183c166371666362bb733	cb5ae957569183c166371666362bb733
6dc476892c3d69da0b989e4668cd47d5	6dc476892c3d69da0b989e4668cd47d5
c1e8642f8860f09533337e6dcac4c65f	c1e8642f8860f09533337e6dcac4c65f
3dccb31743ae4b0b6e78b13cba236ccf	3dccb31743ae4b0b6e78b13cba236ccf
39b3ed2f1de59e2c31880db73fd364b8	39b3ed2f1de59e2c31880db73fd364b8
627dc095e43b466d484a7d48de554ab8	627dc095e43b466d484a7d48de554ab8
cb5680166f8825d81bf98c4d6b84d53b	cb5680166f8825d81bf98c4d6b84d53b
9e428cab604874258574343749d9032c	9e428cab604874258574343749d9032c
51941840d56bc685ea91927c8ea6b96d	51941840d56bc685ea91927c8ea6b96d
22cfeaf4750b5e54a218e7ab5af6adad	22cfeaf4750b5e54a218e7ab5af6adad
a4b14c4586fdbb957eed07cc345799aa	a4b14c4586fdbb957eed07cc345799aa
668f606e44b668b5ce31ba64a3425db6	668f606e44b668b5ce31ba64a3425db6
e7f678efb11b08ff8dd91aec8dae1de7	e7f678efb11b08ff8dd91aec8dae1de7
541720cd1303511d4f76df97813d71b7	541720cd1303511d4f76df97813d71b7
acf548d2e2886dc54ee2a3e0da5878f7	acf548d2e2886dc54ee2a3e0da5878f7
53be0d2da687793641471dc2cfdf4838	53be0d2da687793641471dc2cfdf4838
42dfa50a82f53890b9181fc971153cf4	42dfa50a82f53890b9181fc971153cf4
954907f0f5c248b77132f559be8c35d3	954907f0f5c248b77132f559be8c35d3
29ddf836a04133e71b9f781d0780a7ee	29ddf836a04133e71b9f781d0780a7ee
fe06e6e17d70bb0bb501346422c30a50	fe06e6e17d70bb0bb501346422c30a50
0ed4f5a5b0c9f718f45d8dc111de863c	0ed4f5a5b0c9f718f45d8dc111de863c
5f646b408aad967c41162c0bdcf2d672	5f646b408aad967c41162c0bdcf2d672
3548fa4ed55a8f25a0e07be701908522	3548fa4ed55a8f25a0e07be701908522
1da1c65babafe1235a18a486e06ebcf0	1da1c65babafe1235a18a486e06ebcf0
b7ceab85cfa0248e597acded04b47466	b7ceab85cfa0248e597acded04b47466
0261e3e1021f2dde9154aa155af3e877	0261e3e1021f2dde9154aa155af3e877
2cd9a087ea5051e33c708915f9165598	2cd9a087ea5051e33c708915f9165598
2c81f08e3f912309e37a8d840be98615	2c81f08e3f912309e37a8d840be98615
34ed4f587718481aef3e939f7714a46a	34ed4f587718481aef3e939f7714a46a
5b1805830afebbe4b2ec270e6dffe65f	5b1805830afebbe4b2ec270e6dffe65f
a07badfdc03d0aa39b64d952bb91ce0d	a07badfdc03d0aa39b64d952bb91ce0d
b49b99df88a2a90030650ae8e2b8eb90	b49b99df88a2a90030650ae8e2b8eb90
5870cbc8667ddb5d9964a793275d7ba9	5870cbc8667ddb5d9964a793275d7ba9
0ca6a9c5b1b03d6c643666062c82b499	0ca6a9c5b1b03d6c643666062c82b499
ff988866996e6fc399daa7cb898bb4a3	ff988866996e6fc399daa7cb898bb4a3
6c7a7724773d8ff99763aafa0a02ece2	6c7a7724773d8ff99763aafa0a02ece2
d17255cbdb5c4ab6a59066f5967a6a71	d17255cbdb5c4ab6a59066f5967a6a71
ea5fe76f4e150644239bbd30b4c73be2	ea5fe76f4e150644239bbd30b4c73be2
960f836762548a52fe5c321badf8306f	960f836762548a52fe5c321badf8306f
eb079c72bb4e18751b1fde9e4b7ed66a	eb079c72bb4e18751b1fde9e4b7ed66a
d4970a2bd4c1836af2dca4d60cd87aa6	d4970a2bd4c1836af2dca4d60cd87aa6
3483e87a5fb37644cfd2620094c0e767	3483e87a5fb37644cfd2620094c0e767
243efedf2f664dd28119b325413e3f61	243efedf2f664dd28119b325413e3f61
51ca0cc53579eb638efd6eb8b6be7ff1	51ca0cc53579eb638efd6eb8b6be7ff1
421361e53a2c211e5a4d8bfe667e0f98	421361e53a2c211e5a4d8bfe667e0f98
d69124fd7d2ae4a2b1263211c94248e4	d69124fd7d2ae4a2b1263211c94248e4
65cc7e211242525b1a57740ebe3acc5a	65cc7e211242525b1a57740ebe3acc5a
0eeba6edab1a0f43e83ffe54fd6691c6	0eeba6edab1a0f43e83ffe54fd6691c6
b654a26d0926f20f0fdaa71452ecfefb	b654a26d0926f20f0fdaa71452ecfefb
942dad02229d3d93f46cbd1e4cb6bebb	942dad02229d3d93f46cbd1e4cb6bebb
abb5b8846f9b2ecec5172350fad439bd	abb5b8846f9b2ecec5172350fad439bd
c24436541b2e078051f9bf32f100f602	c24436541b2e078051f9bf32f100f602
ca4e7de34f48a49002df3ec6d6d73e03	ca4e7de34f48a49002df3ec6d6d73e03
bf8313ae1a7199b03e7b7eee92c4a013	bf8313ae1a7199b03e7b7eee92c4a013
49a568f87ebda965805fb34521144924	49a568f87ebda965805fb34521144924
9bf5c86f8fe1eda53254fca4270ec114	9bf5c86f8fe1eda53254fca4270ec114
447149c47bfb8cdd27a6e3f69ac7e52e	447149c47bfb8cdd27a6e3f69ac7e52e
94b4ceffaa2604ac51ec81f01fb5798c	94b4ceffaa2604ac51ec81f01fb5798c
f9dfc4b257897f79c3c3cfd6441cca02	f9dfc4b257897f79c3c3cfd6441cca02
8e60b9c2ebf4727a269190ccfc12e60c	8e60b9c2ebf4727a269190ccfc12e60c
2afa9c03ec1832a589bed67aa8c5dd64	2afa9c03ec1832a589bed67aa8c5dd64
764883584c83d6077d4e3b47916dac02	764883584c83d6077d4e3b47916dac02
c51c720b96b1813d2e3ff207d6eb56e7	c51c720b96b1813d2e3ff207d6eb56e7
7ed6d6c645ed25d35b3edbf2c51572c4	7ed6d6c645ed25d35b3edbf2c51572c4
06bb712b4eebe0031a75261d80ab3efa	06bb712b4eebe0031a75261d80ab3efa
67fddc753b6f7319681b90382bffbe46	67fddc753b6f7319681b90382bffbe46
d4b58e39536cae3e62c509ee9c30a81f	d4b58e39536cae3e62c509ee9c30a81f
4acbc7d774941d9a0d73d8d1a46b4f37	4acbc7d774941d9a0d73d8d1a46b4f37
71f70ae17b656f10c8804b330c14c0fc	71f70ae17b656f10c8804b330c14c0fc
0e277e2d4e30ec60478d11b284b18e1f	0e277e2d4e30ec60478d11b284b18e1f
e210f05c7540e5c206fd2d34760f9d36	e210f05c7540e5c206fd2d34760f9d36
a82c87e385a2ba4f400c3a26b5c23dae	a82c87e385a2ba4f400c3a26b5c23dae
2ed47ba75601b4a89acf646f336f205b	2ed47ba75601b4a89acf646f336f205b
34fe76ffcbf1d975d6d5c20777e55851	34fe76ffcbf1d975d6d5c20777e55851
a1a79900732c31d3ec803a190c7d007d	a1a79900732c31d3ec803a190c7d007d
5ab7769598266aa3cc665907ec476b82	5ab7769598266aa3cc665907ec476b82
c915b719b5961f3906cf3cdbedc6fb14	c915b719b5961f3906cf3cdbedc6fb14
67f9241ccb970e1756d0a2e958a217ed	67f9241ccb970e1756d0a2e958a217ed
fd35764808e5fa8f8113ae59cd84f078	fd35764808e5fa8f8113ae59cd84f078
1b1d8f12b80247b94b2931f0d39f1f11	1b1d8f12b80247b94b2931f0d39f1f11
0f9295744170f03f0446812dee684099	0f9295744170f03f0446812dee684099
84d63f2a4ad8bf7bd655d304b7968ba0	84d63f2a4ad8bf7bd655d304b7968ba0
8f57a9812997e62e786d25a017d3e8c5	8f57a9812997e62e786d25a017d3e8c5
dfe3dacdca7866b7fb3598856c9f646b	dfe3dacdca7866b7fb3598856c9f646b
b93530054b48eda766a944db753e50ea	b93530054b48eda766a944db753e50ea
b866cfe505b6774c0eeedbb152aafde2	b866cfe505b6774c0eeedbb152aafde2
9bc1c8d287c07326ae49e55fecbc9001	9bc1c8d287c07326ae49e55fecbc9001
0e077775243e6df2b546a56b699147fa	0e077775243e6df2b546a56b699147fa
d7f6c8ab138d8036ed370e685e7c8257	d7f6c8ab138d8036ed370e685e7c8257
33b5cc859c2f5066c31893a733cf9f0f	33b5cc859c2f5066c31893a733cf9f0f
ac2f9a4efad31263202addaab6609bc8	ac2f9a4efad31263202addaab6609bc8
024a60964d6ef335f70caa3b7a3cfb7b	024a60964d6ef335f70caa3b7a3cfb7b
e84310df71c29f29fde69ce43a81ea45	e84310df71c29f29fde69ce43a81ea45
66205f2fe5f41b273cc39abf6578cc0f	66205f2fe5f41b273cc39abf6578cc0f
e02f9973797d18e3ad069c6a96d77e74	e02f9973797d18e3ad069c6a96d77e74
d118dedcb8277a28e6d3ae772fe1a2be	d118dedcb8277a28e6d3ae772fe1a2be
83888de9ca64ed8d53fb62bd7a20c771	83888de9ca64ed8d53fb62bd7a20c771
c350d6d15f19e81d0284b02874ba1df8	c350d6d15f19e81d0284b02874ba1df8
1d2c73917fa75e19031e4371ada743ab	1d2c73917fa75e19031e4371ada743ab
4a9eda861901389258e66595b307df5e	4a9eda861901389258e66595b307df5e
e0d85e480e3d30c76a7f0b3e6aadc669	e0d85e480e3d30c76a7f0b3e6aadc669
bf0fa50601214c8b5e3760ea1805d704	bf0fa50601214c8b5e3760ea1805d704
6593998958f53b28a013fabacb003520	6593998958f53b28a013fabacb003520
24e470219b7b3d8fe96361343a7df448	24e470219b7b3d8fe96361343a7df448
7b376f1f26b92b9ac781d88a6bfc7dbc	7b376f1f26b92b9ac781d88a6bfc7dbc
4591f8c2d70c11a621f2f5f6a3c5cd8f	4591f8c2d70c11a621f2f5f6a3c5cd8f
12a5f90ec791b03e78c001c011c365d2	12a5f90ec791b03e78c001c011c365d2
0e8da59f00e0f1c1174ea07ba4fc5d7c	0e8da59f00e0f1c1174ea07ba4fc5d7c
4cc82ceb46d06879b8c379e1caf84464	4cc82ceb46d06879b8c379e1caf84464
eb581c93a36d4d25ceecc9009c79883e	eb581c93a36d4d25ceecc9009c79883e
62f407128d4925e45812cbf324afbe83	62f407128d4925e45812cbf324afbe83
905ca32f4fb729558777cf8f0ad73bb7	905ca32f4fb729558777cf8f0ad73bb7
e1e43d0f9276ab6b76c9960466c28cb3	e1e43d0f9276ab6b76c9960466c28cb3
de7ef0e0418432c64eca3732c6bae25c	de7ef0e0418432c64eca3732c6bae25c
273d82e9712ba4355199cf9ce32813b0	273d82e9712ba4355199cf9ce32813b0
c4471198a64cd9c51a6c3626abb99f61	c4471198a64cd9c51a6c3626abb99f61
b4d75c2689b8ec3c5bbfd68241bd5a58	b4d75c2689b8ec3c5bbfd68241bd5a58
c50816e372f7e2c5052cdf86c18b393e	c50816e372f7e2c5052cdf86c18b393e
284fc5a237f371426a2dfbedbff15841	284fc5a237f371426a2dfbedbff15841
c3e2693657d874d60e0bed8cc1d007f3	c3e2693657d874d60e0bed8cc1d007f3
